Instance,Terminal,Layer,X location,Y location,Voltage
FILLER_42_251,VGND,li1,121.2100,125.1200,0.001662
FILLER_42_248,VGND,li1,119.8300,125.1200,0.001662
FILLER_42_235,VGND,li1,114.0800,125.1200,0.001658
FILLER_42_217,VGND,li1,105.5700,125.1200,0.001635
FILLER_42_201,VGND,li1,98.4400,125.1200,0.001598
FILLER_42_194,VGND,li1,95.2200,125.1200,0.001566
FILLER_42_182,VGND,li1,89.7000,125.1200,0.001517
FILLER_42_167,VGND,li1,82.5700,125.1200,0.001442
FILLER_42_153,VGND,li1,76.1300,125.1200,0.001354
FILLER_42_141,VGND,li1,70.6100,125.1200,0.001274
FILLER_42_117,VGND,li1,59.5700,125.1200,0.001112
FILLER_42_113,VGND,li1,57.7300,125.1200,0.001079
FILLER_42_107,VGND,li1,55.2000,125.1200,0.001040
FILLER_42_103,VGND,li1,53.1300,125.1200,0.001000
FILLER_42_91,VGND,li1,47.8400,125.1200,0.000852
FILLER_42_85,VGND,li1,44.8500,125.1200,0.000809
FILLER_42_76,VGND,li1,40.9400,125.1200,0.000705
FILLER_42_57,VGND,li1,32.2000,125.1200,0.000502
FILLER_42_41,VGND,li1,27.1400,125.1200,0.000362
FILLER_42_29,VGND,li1,21.6200,125.1200,0.000285
FILLER_42_27,VGND,li1,18.1700,125.1200,0.000285
FILLER_42_15,VGND,li1,15.1800,125.1200,0.000285
FILLER_42_3,VGND,li1,9.6600,125.1200,0.000285
FILLER_41_205,VGND,li1,100.0500,125.1200,0.001598
FILLER_41_195,VGND,li1,95.6800,125.1200,0.001566
FILLER_41_183,VGND,li1,90.1600,125.1200,0.001517
FILLER_41_172,VGND,li1,84.8700,125.1200,0.001469
FILLER_41_167,VGND,li1,82.5700,125.1200,0.001442
FILLER_41_120,VGND,li1,60.9500,125.1200,0.001144
FILLER_41_104,VGND,li1,53.5900,125.1200,0.001000
FILLER_41_74,VGND,li1,40.0200,125.1200,0.000705
FILLER_41_57,VGND,li1,32.6600,125.1200,0.000502
FILLER_41_39,VGND,li1,24.3800,125.1200,0.000285
FILLER_41_27,VGND,li1,20.7000,125.1200,0.000285
FILLER_41_15,VGND,li1,15.1800,125.1200,0.000285
FILLER_41_3,VGND,li1,9.6600,125.1200,0.000285
FILLER_40_233,VGND,li1,113.1600,119.6800,0.000940
FILLER_40_227,VGND,li1,110.4000,119.6800,0.000938
FILLER_40_178,VGND,li1,87.6300,119.6800,0.000885
FILLER_40_150,VGND,li1,74.7500,119.6800,0.000801
FILLER_40_138,VGND,li1,69.4600,119.6800,0.000759
FILLER_40_130,VGND,li1,67.1600,119.6800,0.000724
FILLER_40_118,VGND,li1,62.5600,119.6800,0.000670
FILLER_40_93,VGND,li1,49.2200,119.6800,0.000512
FILLER_40_82,VGND,li1,43.7000,119.6800,0.000461
FILLER_40_67,VGND,li1,36.5700,119.6800,0.000361
FILLER_40_63,VGND,li1,34.7300,119.6800,0.000334
FILLER_40_37,VGND,li1,23.0000,119.6800,0.000180
FILLER_40_29,VGND,li1,20.7000,119.6800,0.000181
FILLER_40_27,VGND,li1,18.1700,119.6800,0.000181
FILLER_40_15,VGND,li1,15.1800,119.6800,0.000181
FILLER_40_3,VGND,li1,9.6600,119.6800,0.000181
FILLER_39_250,VGND,li1,120.9800,119.6800,0.000942
FILLER_39_225,VGND,li1,109.4800,119.6800,0.000936
FILLER_39_223,VGND,li1,108.3300,119.6800,0.000936
FILLER_39_218,VGND,li1,106.0300,119.6800,0.000933
FILLER_39_184,VGND,li1,90.3900,119.6800,0.000892
FILLER_39_174,VGND,li1,85.7900,119.6800,0.000873
FILLER_39_156,VGND,li1,77.5100,119.6800,0.000831
FILLER_39_142,VGND,li1,71.0700,119.6800,0.000759
FILLER_39_131,VGND,li1,66.0100,119.6800,0.000724
FILLER_39_113,VGND,li1,58.4200,119.6800,0.000628
FILLER_39_109,VGND,li1,56.3500,119.6800,0.000605
FILLER_39_97,VGND,li1,52.9000,119.6800,0.000566
FILLER_39_88,VGND,li1,46.2300,119.6800,0.000488
FILLER_39_84,VGND,li1,45.0800,119.6800,0.000461
FILLER_39_54,VGND,li1,30.8200,119.6800,0.000273
FILLER_39_27,VGND,li1,18.8600,119.6800,0.000181
FILLER_39_15,VGND,li1,15.1800,119.6800,0.000181
FILLER_39_3,VGND,li1,9.6600,119.6800,0.000181
FILLER_38_250,VGND,li1,120.9800,114.2400,0.000989
FILLER_38_240,VGND,li1,116.1500,114.2400,0.000987
FILLER_38_208,VGND,li1,101.6600,114.2400,0.000961
FILLER_38_197,VGND,li1,96.3700,114.2400,0.000939
FILLER_38_175,VGND,li1,86.2500,114.2400,0.000888
FILLER_38_168,VGND,li1,83.0300,114.2400,0.000858
FILLER_38_162,VGND,li1,80.2700,114.2400,0.000838
FILLER_38_149,VGND,li1,74.7500,114.2400,0.000806
FILLER_38_141,VGND,li1,72.2200,114.2400,0.000783
FILLER_38_137,VGND,li1,69.2300,114.2400,0.000755
FILLER_38_126,VGND,li1,64.1700,114.2400,0.000706
FILLER_38_121,VGND,li1,61.4100,114.2400,0.000678
FILLER_38_109,VGND,li1,58.4200,114.2400,0.000647
FILLER_38_99,VGND,li1,51.7500,114.2400,0.000572
FILLER_38_85,VGND,li1,44.8500,114.2400,0.000472
FILLER_38_83,VGND,li1,43.9300,114.2400,0.000472
FILLER_38_77,VGND,li1,42.3200,114.2400,0.000446
FILLER_38_64,VGND,li1,36.3400,114.2400,0.000365
FILLER_38_47,VGND,li1,28.0600,114.2400,0.000236
FILLER_38_33,VGND,li1,20.9300,114.2400,0.000175
FILLER_38_27,VGND,li1,18.1700,114.2400,0.000175
FILLER_38_21,VGND,li1,16.5600,114.2400,0.000175
FILLER_38_15,VGND,li1,13.1100,114.2400,0.000176
FILLER_38_3,VGND,li1,9.6600,114.2400,0.000176
FILLER_37_250,VGND,li1,120.9800,114.2400,0.000989
FILLER_37_230,VGND,li1,111.5500,114.2400,0.000981
FILLER_37_225,VGND,li1,109.2500,114.2400,0.000976
FILLER_37_207,VGND,li1,101.2000,114.2400,0.000955
FILLER_37_181,VGND,li1,89.2400,114.2400,0.000899
FILLER_37_158,VGND,li1,78.6600,114.2400,0.000838
FILLER_37_137,VGND,li1,69.9200,114.2400,0.000755
FILLER_37_127,VGND,li1,64.4000,114.2400,0.000706
FILLER_37_110,VGND,li1,56.5800,114.2400,0.000627
FILLER_37_105,VGND,li1,54.0500,114.2400,0.000599
FILLER_37_82,VGND,li1,43.7000,114.2400,0.000446
FILLER_37_76,VGND,li1,40.7100,114.2400,0.000408
FILLER_37_54,VGND,li1,30.8200,114.2400,0.000276
FILLER_37_46,VGND,li1,28.5200,114.2400,0.000236
FILLER_37_8,VGND,li1,9.8900,114.2400,0.000176
FILLER_36_217,VGND,li1,105.5700,108.8000,0.000758
FILLER_36_197,VGND,li1,96.6000,108.8000,0.000731
FILLER_36_190,VGND,li1,93.3800,108.8000,0.000708
FILLER_36_148,VGND,li1,73.8300,108.8000,0.000614
FILLER_36_139,VGND,li1,69.6900,108.8000,0.000575
FILLER_36_133,VGND,li1,66.9300,108.8000,0.000557
FILLER_36_118,VGND,li1,60.0300,108.8000,0.000498
FILLER_36_107,VGND,li1,56.1200,108.8000,0.000476
FILLER_36_101,VGND,li1,52.2100,108.8000,0.000432
FILLER_36_97,VGND,li1,51.0600,108.8000,0.000413
FILLER_36_93,VGND,li1,48.5300,108.8000,0.000392
FILLER_36_89,VGND,li1,47.3800,108.8000,0.000392
FILLER_36_80,VGND,li1,43.2400,108.8000,0.000344
FILLER_36_74,VGND,li1,39.7900,108.8000,0.000293
FILLER_36_68,VGND,li1,38.1800,108.8000,0.000293
FILLER_36_59,VGND,li1,32.8900,108.8000,0.000221
FILLER_36_42,VGND,li1,25.7600,108.8000,0.000134
FILLER_36_29,VGND,li1,19.0900,108.8000,0.000136
FILLER_36_27,VGND,li1,18.1700,108.8000,0.000136
FILLER_36_21,VGND,li1,16.5600,108.8000,0.000136
FILLER_36_3,VGND,li1,7.5900,108.8000,0.000137
FILLER_35_223,VGND,li1,108.3300,108.8000,0.000764
FILLER_35_167,VGND,li1,82.5700,108.8000,0.000664
FILLER_35_131,VGND,li1,66.0100,108.8000,0.000557
FILLER_35_109,VGND,li1,56.3500,108.8000,0.000476
FILLER_35_83,VGND,li1,44.3900,108.8000,0.000344
FILLER_35_57,VGND,li1,31.9700,108.8000,0.000221
FILLER_35_47,VGND,li1,27.3700,108.8000,0.000163
FILLER_35_22,VGND,li1,15.8700,108.8000,0.000137
FILLER_35_18,VGND,li1,14.7200,108.8000,0.000137
FILLER_34_251,VGND,li1,121.2100,103.3600,0.001132
FILLER_34_242,VGND,li1,117.3000,103.3600,0.001131
FILLER_34_197,VGND,li1,96.3700,103.3600,0.001088
FILLER_34_123,VGND,li1,62.3300,103.3600,0.000782
FILLER_34_82,VGND,li1,43.7000,103.3600,0.000506
FILLER_34_68,VGND,li1,37.0300,103.3600,0.000380
FILLER_34_36,VGND,li1,22.5400,103.3600,0.000187
FILLER_33_251,VGND,li1,121.2100,103.3600,0.001132
FILLER_33_237,VGND,li1,114.7700,103.3600,0.001129
FILLER_33_207,VGND,li1,100.9700,103.3600,0.001102
FILLER_33_113,VGND,li1,57.9600,103.3600,0.000698
FILLER_33_109,VGND,li1,56.3500,103.3600,0.000698
FILLER_33_105,VGND,li1,54.0500,103.3600,0.000664
FILLER_33_54,VGND,li1,30.8200,103.3600,0.000288
FILLER_33_47,VGND,li1,27.3700,103.3600,0.000222
FILLER_33_39,VGND,li1,25.3000,103.3600,0.000186
FILLER_33_27,VGND,li1,18.1700,103.3600,0.000188
FILLER_33_19,VGND,li1,16.1000,103.3600,0.000188
FILLER_33_13,VGND,li1,11.7300,103.3600,0.000188
FILLER_32_174,VGND,li1,85.7900,97.9200,0.000966
FILLER_32_141,VGND,li1,70.8400,97.9200,0.000814
FILLER_32_138,VGND,li1,69.4600,97.9200,0.000788
FILLER_32_110,VGND,li1,56.5800,97.9200,0.000653
FILLER_32_83,VGND,li1,43.9300,97.9200,0.000486
FILLER_32_32,VGND,li1,20.4700,97.9200,0.000190
FILLER_32_26,VGND,li1,17.9400,97.9200,0.000190
FILLER_32_15,VGND,li1,12.8800,97.9200,0.000191
FILLER_32_3,VGND,li1,7.1300,97.9200,0.000191
FILLER_31_162,VGND,li1,80.2700,97.9200,0.000922
FILLER_31_135,VGND,li1,67.8500,97.9200,0.000788
FILLER_31_116,VGND,li1,60.2600,97.9200,0.000696
FILLER_31_98,VGND,li1,50.8300,97.9200,0.000580
FILLER_31_85,VGND,li1,46.0000,97.9200,0.000515
FILLER_31_71,VGND,li1,39.1000,97.9200,0.000415
FILLER_31_60,VGND,li1,34.0400,97.9200,0.000340
FILLER_31_45,VGND,li1,26.4500,97.9200,0.000188
FILLER_31_36,VGND,li1,22.3100,97.9200,0.000189
FILLER_31_32,VGND,li1,21.1600,97.9200,0.000190
FILLER_31_26,VGND,li1,17.7100,97.9200,0.000190
FILLER_31_21,VGND,li1,15.4100,97.9200,0.000191
FILLER_31_11,VGND,li1,10.8100,97.9200,0.000191
FILLER_30_250,VGND,li1,120.9800,92.4800,0.000821
FILLER_30_158,VGND,li1,78.4300,92.4800,0.000699
FILLER_30_89,VGND,li1,46.6900,92.4800,0.000413
FILLER_30_85,VGND,li1,45.5400,92.4800,0.000387
FILLER_30_83,VGND,li1,43.9300,92.4800,0.000366
FILLER_30_69,VGND,li1,38.6400,92.4800,0.000321
FILLER_30_65,VGND,li1,35.6500,92.4800,0.000271
FILLER_30_61,VGND,li1,34.5000,92.4800,0.000271
FILLER_30_44,VGND,li1,26.4500,92.4800,0.000168
FILLER_30_36,VGND,li1,23.9200,92.4800,0.000134
FILLER_30_25,VGND,li1,17.7100,92.4800,0.000136
FILLER_30_19,VGND,li1,14.9500,92.4800,0.000136
FILLER_30_3,VGND,li1,7.1300,92.4800,0.000137
FILLER_29_251,VGND,li1,121.2100,92.4800,0.000821
FILLER_29_230,VGND,li1,111.7800,92.4800,0.000814
FILLER_29_205,VGND,li1,100.0500,92.4800,0.000801
FILLER_29_195,VGND,li1,95.4500,92.4800,0.000790
FILLER_29_162,VGND,li1,80.2700,92.4800,0.000723
FILLER_29_148,VGND,li1,73.8300,92.4800,0.000673
FILLER_29_113,VGND,li1,57.7300,92.4800,0.000523
FILLER_29_105,VGND,li1,54.5100,92.4800,0.000496
FILLER_29_96,VGND,li1,49.9100,92.4800,0.000433
FILLER_29_84,VGND,li1,44.6200,92.4800,0.000387
FILLER_29_76,VGND,li1,40.7100,92.4800,0.000345
FILLER_29_62,VGND,li1,34.2700,92.4800,0.000248
FILLER_29_55,VGND,li1,31.0500,92.4800,0.000224
FILLER_29_35,VGND,li1,22.0800,92.4800,0.000135
FILLER_29_29,VGND,li1,19.3200,92.4800,0.000136
FILLER_28_228,VGND,li1,110.6300,87.0400,0.000492
FILLER_28_211,VGND,li1,102.8100,87.0400,0.000488
FILLER_28_197,VGND,li1,96.3700,87.0400,0.000483
FILLER_28_180,VGND,li1,88.5500,87.0400,0.000476
FILLER_28_122,VGND,li1,62.1000,87.0400,0.000373
FILLER_28_104,VGND,li1,53.5900,87.0400,0.000321
FILLER_28_96,VGND,li1,51.5200,87.0400,0.000307
FILLER_28_85,VGND,li1,44.8500,87.0400,0.000253
FILLER_28_82,VGND,li1,43.7000,87.0400,0.000253
FILLER_28_74,VGND,li1,41.4000,87.0400,0.000236
FILLER_28_60,VGND,li1,33.5800,87.0400,0.000174
FILLER_28_51,VGND,li1,29.4400,87.0400,0.000140
FILLER_28_29,VGND,li1,19.0900,87.0400,0.000092
FILLER_28_26,VGND,li1,17.9400,87.0400,0.000092
FILLER_28_13,VGND,li1,11.9600,87.0400,0.000093
FILLER_27_233,VGND,li1,112.9300,87.0400,0.000493
FILLER_27_193,VGND,li1,95.2200,87.0400,0.000483
FILLER_27_186,VGND,li1,91.5400,87.0400,0.000480
FILLER_27_153,VGND,li1,76.3600,87.0400,0.000436
FILLER_27_113,VGND,li1,57.7300,87.0400,0.000344
FILLER_27_110,VGND,li1,56.5800,87.0400,0.000332
FILLER_27_83,VGND,li1,44.3900,87.0400,0.000253
FILLER_27_66,VGND,li1,36.8000,87.0400,0.000195
FILLER_27_53,VGND,li1,30.5900,87.0400,0.000140
FILLER_27_39,VGND,li1,23.6900,87.0400,0.000090
FILLER_27_30,VGND,li1,19.7800,87.0400,0.000092
FILLER_26_197,VGND,li1,96.3700,81.6000,0.000328
FILLER_26_195,VGND,li1,95.4500,81.6000,0.000326
FILLER_26_163,VGND,li1,80.9600,81.6000,0.000302
FILLER_26_138,VGND,li1,69.4600,81.6000,0.000267
FILLER_26_94,VGND,li1,50.1400,81.6000,0.000196
FILLER_26_76,VGND,li1,40.7100,81.6000,0.000155
FILLER_26_69,VGND,li1,37.4900,81.6000,0.000139
FILLER_26_55,VGND,li1,31.0500,81.6000,0.000097
FILLER_26_41,VGND,li1,24.6100,81.6000,0.000065
FILLER_26_22,VGND,li1,17.0200,81.6000,0.000066
FILLER_26_11,VGND,li1,11.2700,81.6000,0.000066
FILLER_25_193,VGND,li1,94.5300,81.6000,0.000326
FILLER_25_104,VGND,li1,53.5900,81.6000,0.000214
FILLER_25_95,VGND,li1,49.4500,81.6000,0.000196
FILLER_25_57,VGND,li1,32.2000,81.6000,0.000110
FILLER_25_55,VGND,li1,31.0500,81.6000,0.000097
FILLER_25_51,VGND,li1,29.9000,81.6000,0.000097
FILLER_25_44,VGND,li1,26.2200,81.6000,0.000065
FILLER_25_39,VGND,li1,23.6900,81.6000,0.000065
FILLER_25_34,VGND,li1,21.3900,81.6000,0.000065
FILLER_25_28,VGND,li1,19.7800,81.6000,0.000065
FILLER_25_16,VGND,li1,15.6400,81.6000,0.000066
FILLER_24_179,VGND,li1,88.5500,76.1600,0.000219
FILLER_24_139,VGND,li1,69.6900,76.1600,0.000194
FILLER_24_62,VGND,li1,34.2700,76.1600,0.000100
FILLER_24_38,VGND,li1,23.6900,76.1600,0.000056
FILLER_24_26,VGND,li1,17.9400,76.1600,0.000057
FILLER_23_167,VGND,li1,82.5700,76.1600,0.000211
FILLER_23_111,VGND,li1,56.8100,76.1600,0.000168
FILLER_23_75,VGND,li1,40.2500,76.1600,0.000117
FILLER_23_50,VGND,li1,28.9800,76.1600,0.000074
FILLER_23_32,VGND,li1,20.7000,76.1600,0.000057
FILLER_23_22,VGND,li1,16.3300,76.1600,0.000058
FILLER_22_197,VGND,li1,96.3700,70.7200,0.000258
FILLER_22_85,VGND,li1,45.0800,70.7200,0.000151
FILLER_22_82,VGND,li1,43.7000,70.7200,0.000142
FILLER_22_63,VGND,li1,34.7300,70.7200,0.000110
FILLER_22_36,VGND,li1,22.7700,70.7200,0.000061
FILLER_22_8,VGND,li1,9.4300,70.7200,0.000063
FILLER_21_74,VGND,li1,39.7900,70.7200,0.000132
FILLER_21_54,VGND,li1,30.8200,70.7200,0.000088
FILLER_21_32,VGND,li1,20.7000,70.7200,0.000062
FILLER_21_20,VGND,li1,15.6400,70.7200,0.000062
FILLER_21_11,VGND,li1,11.0400,70.7200,0.000063
FILLER_20_148,VGND,li1,73.8300,65.2800,0.000279
FILLER_20_85,VGND,li1,44.8500,65.2800,0.000177
FILLER_20_73,VGND,li1,39.3300,65.2800,0.000153
FILLER_20_42,VGND,li1,26.2200,65.2800,0.000079
FILLER_20_36,VGND,li1,22.5400,65.2800,0.000068
FILLER_20_25,VGND,li1,17.7100,65.2800,0.000069
FILLER_19_169,VGND,li1,83.4900,65.2800,0.000295
FILLER_19_120,VGND,li1,61.1800,65.2800,0.000243
FILLER_19_106,VGND,li1,54.5100,65.2800,0.000220
FILLER_19_66,VGND,li1,36.3400,65.2800,0.000138
FILLER_19_46,VGND,li1,27.1400,65.2800,0.000079
FILLER_19_40,VGND,li1,24.3800,65.2800,0.000067
FILLER_19_26,VGND,li1,18.8600,65.2800,0.000068
FILLER_18_102,VGND,li1,52.6700,59.8400,0.000257
FILLER_18_85,VGND,li1,45.0800,59.8400,0.000209
FILLER_18_72,VGND,li1,38.8700,59.8400,0.000175
FILLER_18_24,VGND,li1,16.7900,59.8400,0.000079
FILLER_18_18,VGND,li1,15.1800,59.8400,0.000079
FILLER_17_238,VGND,li1,115.2300,59.8400,0.000401
FILLER_17_66,VGND,li1,36.3400,59.8400,0.000159
FILLER_17_50,VGND,li1,28.9800,59.8400,0.000108
FILLER_17_20,VGND,li1,14.9500,59.8400,0.000079
FILLER_17_14,VGND,li1,12.4200,59.8400,0.000080
FILLER_17_3,VGND,li1,7.3600,59.8400,0.000080
FILLER_16_85,VGND,li1,44.8500,54.4000,0.000150
FILLER_16_78,VGND,li1,41.6300,54.4000,0.000141
FILLER_16_54,VGND,li1,30.5900,54.4000,0.000084
FILLER_16_38,VGND,li1,23.6900,54.4000,0.000060
FILLER_16_26,VGND,li1,17.9400,54.4000,0.000062
FILLER_16_13,VGND,li1,11.9600,54.4000,0.000063
FILLER_15_223,VGND,li1,108.3300,54.4000,0.000298
FILLER_15_181,VGND,li1,89.0100,54.4000,0.000281
FILLER_15_113,VGND,li1,57.9600,54.4000,0.000198
FILLER_15_69,VGND,li1,37.4900,54.4000,0.000121
FILLER_15_24,VGND,li1,16.7900,54.4000,0.000062
FILLER_15_13,VGND,li1,11.9600,54.4000,0.000063
FILLER_14_195,VGND,li1,95.4500,48.9600,0.000253
FILLER_14_180,VGND,li1,88.7800,48.9600,0.000245
FILLER_14_138,VGND,li1,69.4600,48.9600,0.000202
FILLER_14_76,VGND,li1,40.7100,48.9600,0.000110
FILLER_14_3,VGND,li1,7.3600,48.9600,0.000050
FILLER_13_238,VGND,li1,115.2300,48.9600,0.000265
FILLER_13_113,VGND,li1,57.9600,48.9600,0.000165
FILLER_13_67,VGND,li1,37.0300,48.9600,0.000095
FILLER_13_54,VGND,li1,30.8200,48.9600,0.000070
FILLER_13_37,VGND,li1,23.2300,48.9600,0.000048
FILLER_12_195,VGND,li1,95.4500,43.5200,0.000219
FILLER_12_99,VGND,li1,51.5200,43.5200,0.000141
FILLER_12_90,VGND,li1,47.6100,43.5200,0.000129
FILLER_12_78,VGND,li1,41.6300,43.5200,0.000108
FILLER_12_64,VGND,li1,35.4200,43.5200,0.000084
FILLER_12_55,VGND,li1,31.2800,43.5200,0.000066
FILLER_12_29,VGND,li1,21.6200,43.5200,0.000045
FILLER_12_27,VGND,li1,18.1700,43.5200,0.000045
FILLER_12_23,VGND,li1,16.3300,43.5200,0.000046
FILLER_12_17,VGND,li1,14.7200,43.5200,0.000046
FILLER_12_10,VGND,li1,11.0400,43.5200,0.000047
FILLER_11_225,VGND,li1,109.4800,43.5200,0.000225
FILLER_11_57,VGND,li1,31.9700,43.5200,0.000066
FILLER_11_54,VGND,li1,30.8200,43.5200,0.000066
FILLER_11_41,VGND,li1,25.0700,43.5200,0.000043
FILLER_11_31,VGND,li1,20.7000,43.5200,0.000045
FILLER_11_9,VGND,li1,9.8900,43.5200,0.000047
FILLER_10_225,VGND,li1,109.4800,38.0800,0.000264
FILLER_10_149,VGND,li1,74.2900,38.0800,0.000227
FILLER_10_141,VGND,li1,70.6100,38.0800,0.000219
FILLER_10_117,VGND,li1,59.5700,38.0800,0.000195
FILLER_10_93,VGND,li1,48.9900,38.0800,0.000158
FILLER_10_85,VGND,li1,45.3100,38.0800,0.000144
FILLER_10_57,VGND,li1,31.9700,38.0800,0.000079
FILLER_10_33,VGND,li1,20.9300,38.0800,0.000050
FILLER_10_21,VGND,li1,15.4100,38.0800,0.000050
FILLER_10_15,VGND,li1,13.8000,38.0800,0.000050
FILLER_10_3,VGND,li1,9.6600,38.0800,0.000050
FILLER_9_236,VGND,li1,114.3100,38.0800,0.000265
FILLER_9_200,VGND,li1,97.7500,38.0800,0.000258
FILLER_9_166,VGND,li1,82.3400,38.0800,0.000241
FILLER_9_148,VGND,li1,73.8300,38.0800,0.000224
FILLER_9_134,VGND,li1,67.3900,38.0800,0.000210
FILLER_9_57,VGND,li1,32.2000,38.0800,0.000079
FILLER_9_53,VGND,li1,30.5900,38.0800,0.000079
FILLER_9_34,VGND,li1,22.0800,38.0800,0.000049
FILLER_9_27,VGND,li1,18.1700,38.0800,0.000050
FILLER_9_15,VGND,li1,15.1800,38.0800,0.000050
FILLER_9_3,VGND,li1,9.6600,38.0800,0.000050
FILLER_8_251,VGND,li1,121.2100,32.6400,0.000281
FILLER_8_157,VGND,li1,77.9700,32.6400,0.000245
FILLER_8_139,VGND,li1,69.6900,32.6400,0.000225
FILLER_8_48,VGND,li1,28.0600,32.6400,0.000059
FILLER_8_40,VGND,li1,25.7600,32.6400,0.000049
FILLER_8_29,VGND,li1,19.0900,32.6400,0.000049
FILLER_8_27,VGND,li1,18.1700,32.6400,0.000049
FILLER_8_15,VGND,li1,15.1800,32.6400,0.000049
FILLER_8_3,VGND,li1,9.6600,32.6400,0.000049
FILLER_7_175,VGND,li1,86.2500,32.6400,0.000259
FILLER_7_148,VGND,li1,73.8300,32.6400,0.000236
FILLER_7_106,VGND,li1,54.5100,32.6400,0.000171
FILLER_7_82,VGND,li1,43.4700,32.6400,0.000132
FILLER_7_54,VGND,li1,30.8200,32.6400,0.000070
FILLER_7_45,VGND,li1,27.1400,32.6400,0.000059
FILLER_7_39,VGND,li1,23.6900,32.6400,0.000049
FILLER_7_27,VGND,li1,20.7000,32.6400,0.000049
FILLER_7_15,VGND,li1,15.1800,32.6400,0.000049
FILLER_7_3,VGND,li1,9.6600,32.6400,0.000049
FILLER_6_219,VGND,li1,106.4900,27.2000,0.000252
FILLER_6_138,VGND,li1,69.4600,27.2000,0.000199
FILLER_6_85,VGND,li1,45.0800,27.2000,0.000125
FILLER_6_83,VGND,li1,43.9300,27.2000,0.000117
FILLER_6_74,VGND,li1,39.7900,27.2000,0.000100
FILLER_6_66,VGND,li1,36.5700,27.2000,0.000092
FILLER_6_29,VGND,li1,21.6200,27.2000,0.000043
FILLER_6_27,VGND,li1,18.1700,27.2000,0.000043
FILLER_6_15,VGND,li1,15.1800,27.2000,0.000043
FILLER_6_3,VGND,li1,9.6600,27.2000,0.000043
FILLER_5_113,VGND,li1,58.1900,27.2000,0.000164
FILLER_5_111,VGND,li1,56.8100,27.2000,0.000164
FILLER_5_91,VGND,li1,47.6100,27.2000,0.000133
FILLER_5_69,VGND,li1,37.7200,27.2000,0.000092
FILLER_5_62,VGND,li1,34.7300,27.2000,0.000084
FILLER_5_55,VGND,li1,31.0500,27.2000,0.000064
FILLER_5_51,VGND,li1,29.9000,27.2000,0.000064
FILLER_5_39,VGND,li1,26.2200,27.2000,0.000043
FILLER_5_27,VGND,li1,20.7000,27.2000,0.000043
FILLER_5_15,VGND,li1,15.1800,27.2000,0.000043
FILLER_5_3,VGND,li1,9.6600,27.2000,0.000043
FILLER_4_238,VGND,li1,115.4600,21.7600,0.000186
FILLER_4_197,VGND,li1,96.3700,21.7600,0.000170
FILLER_4_180,VGND,li1,89.2400,21.7600,0.000160
FILLER_4_167,VGND,li1,84.1800,21.7600,0.000151
FILLER_4_145,VGND,li1,72.6800,21.7600,0.000129
FILLER_4_136,VGND,li1,69.0000,21.7600,0.000125
FILLER_4_117,VGND,li1,59.5700,21.7600,0.000104
FILLER_4_109,VGND,li1,56.3500,21.7600,0.000095
FILLER_4_97,VGND,li1,50.6000,21.7600,0.000084
FILLER_4_85,VGND,li1,47.3800,21.7600,0.000076
FILLER_4_77,VGND,li1,41.6300,21.7600,0.000059
FILLER_4_65,VGND,li1,38.1800,21.7600,0.000055
FILLER_4_53,VGND,li1,32.6600,21.7600,0.000042
FILLER_4_41,VGND,li1,27.1400,21.7600,0.000029
FILLER_4_29,VGND,li1,21.6200,21.7600,0.000024
FILLER_4_27,VGND,li1,18.1700,21.7600,0.000024
FILLER_4_15,VGND,li1,15.1800,21.7600,0.000024
FILLER_4_3,VGND,li1,9.6600,21.7600,0.000024
FILLER_3_225,VGND,li1,109.2500,21.7600,0.000182
FILLER_3_223,VGND,li1,108.3300,21.7600,0.000182
FILLER_3_169,VGND,li1,84.6400,21.7600,0.000151
FILLER_3_156,VGND,li1,80.0400,21.7600,0.000146
FILLER_3_144,VGND,li1,74.5200,21.7600,0.000136
FILLER_3_132,VGND,li1,69.0000,21.7600,0.000125
FILLER_3_120,VGND,li1,63.4800,21.7600,0.000113
FILLER_3_113,VGND,li1,57.9600,21.7600,0.000099
FILLER_3_111,VGND,li1,56.8100,21.7600,0.000095
FILLER_3_105,VGND,li1,55.2000,21.7600,0.000095
FILLER_3_93,VGND,li1,51.0600,21.7600,0.000084
FILLER_3_81,VGND,li1,45.5400,21.7600,0.000072
FILLER_3_69,VGND,li1,40.0200,21.7600,0.000059
FILLER_3_57,VGND,li1,34.5000,21.7600,0.000046
FILLER_3_55,VGND,li1,31.0500,21.7600,0.000035
FILLER_3_51,VGND,li1,29.9000,21.7600,0.000035
FILLER_3_39,VGND,li1,26.2200,21.7600,0.000024
FILLER_3_27,VGND,li1,20.7000,21.7600,0.000024
FILLER_3_15,VGND,li1,15.1800,21.7600,0.000024
FILLER_3_3,VGND,li1,9.6600,21.7600,0.000024
FILLER_2_214,VGND,li1,104.4200,16.3200,0.000098
FILLER_2_177,VGND,li1,88.7800,16.3200,0.000085
FILLER_2_165,VGND,li1,84.1800,16.3200,0.000078
FILLER_2_153,VGND,li1,78.6600,16.3200,0.000073
FILLER_2_141,VGND,li1,73.1400,16.3200,0.000067
FILLER_2_139,VGND,li1,69.6900,16.3200,0.000061
FILLER_2_133,VGND,li1,68.0800,16.3200,0.000061
FILLER_2_121,VGND,li1,63.9400,16.3200,0.000056
FILLER_2_109,VGND,li1,58.4200,16.3200,0.000048
FILLER_2_97,VGND,li1,52.9000,16.3200,0.000043
FILLER_2_85,VGND,li1,47.3800,16.3200,0.000037
FILLER_2_83,VGND,li1,43.9300,16.3200,0.000031
FILLER_2_77,VGND,li1,42.3200,16.3200,0.000031
FILLER_2_65,VGND,li1,38.1800,16.3200,0.000026
FILLER_2_53,VGND,li1,32.6600,16.3200,0.000020
FILLER_2_41,VGND,li1,27.1400,16.3200,0.000014
FILLER_2_29,VGND,li1,21.6200,16.3200,0.000011
FILLER_2_27,VGND,li1,18.1700,16.3200,0.000011
FILLER_2_15,VGND,li1,15.1800,16.3200,0.000011
FILLER_2_3,VGND,li1,9.6600,16.3200,0.000011
FILLER_1_233,VGND,li1,113.1600,16.3200,0.000103
FILLER_1_213,VGND,li1,103.7300,16.3200,0.000098
FILLER_1_209,VGND,li1,101.8900,16.3200,0.000096
FILLER_1_194,VGND,li1,97.5200,16.3200,0.000093
FILLER_1_189,VGND,li1,92.9200,16.3200,0.000089
FILLER_1_181,VGND,li1,90.6200,16.3200,0.000087
FILLER_1_169,VGND,li1,86.0200,16.3200,0.000081
FILLER_1_167,VGND,li1,82.5700,16.3200,0.000076
FILLER_1_161,VGND,li1,80.9600,16.3200,0.000076
FILLER_1_149,VGND,li1,76.8200,16.3200,0.000071
FILLER_1_137,VGND,li1,71.3000,16.3200,0.000063
FILLER_1_125,VGND,li1,65.7800,16.3200,0.000058
FILLER_1_113,VGND,li1,60.2600,16.3200,0.000052
FILLER_1_111,VGND,li1,56.8100,16.3200,0.000046
FILLER_1_105,VGND,li1,55.2000,16.3200,0.000046
FILLER_1_93,VGND,li1,51.0600,16.3200,0.000041
FILLER_1_81,VGND,li1,45.5400,16.3200,0.000034
FILLER_1_69,VGND,li1,40.0200,16.3200,0.000029
FILLER_1_57,VGND,li1,34.5000,16.3200,0.000022
FILLER_1_55,VGND,li1,31.0500,16.3200,0.000017
FILLER_1_51,VGND,li1,29.9000,16.3200,0.000017
FILLER_1_39,VGND,li1,26.2200,16.3200,0.000011
FILLER_1_27,VGND,li1,20.7000,16.3200,0.000011
FILLER_1_15,VGND,li1,15.1800,16.3200,0.000011
FILLER_1_3,VGND,li1,9.6600,16.3200,0.000011
FILLER_0_239,VGND,li1,115.9200,10.8800,0.000060
FILLER_0_225,VGND,li1,109.2500,10.8800,0.000059
FILLER_0_201,VGND,li1,98.2100,10.8800,0.000054
FILLER_0_197,VGND,li1,97.0600,10.8800,0.000054
FILLER_0_193,VGND,li1,94.9900,10.8800,0.000052
FILLER_0_181,VGND,li1,91.5400,10.8800,0.000050
FILLER_0_169,VGND,li1,86.0200,10.8800,0.000046
FILLER_0_165,VGND,li1,82.1100,10.8800,0.000044
FILLER_0_153,VGND,li1,78.6600,10.8800,0.000042
FILLER_0_141,VGND,li1,73.1400,10.8800,0.000038
FILLER_0_137,VGND,li1,69.2300,10.8800,0.000035
FILLER_0_125,VGND,li1,65.7800,10.8800,0.000032
FILLER_0_113,VGND,li1,60.2600,10.8800,0.000030
FILLER_0_109,VGND,li1,56.3500,10.8800,0.000027
FILLER_0_97,VGND,li1,52.9000,10.8800,0.000025
FILLER_0_85,VGND,li1,47.3800,10.8800,0.000021
FILLER_0_81,VGND,li1,43.4700,10.8800,0.000019
FILLER_0_69,VGND,li1,40.0200,10.8800,0.000016
FILLER_0_57,VGND,li1,34.5000,10.8800,0.000013
FILLER_0_53,VGND,li1,30.5900,10.8800,0.000010
FILLER_0_41,VGND,li1,27.1400,10.8800,0.000008
FILLER_0_29,VGND,li1,21.6200,10.8800,0.000007
FILLER_0_27,VGND,li1,18.1700,10.8800,0.000007
FILLER_0_15,VGND,li1,15.1800,10.8800,0.000007
FILLER_0_3,VGND,li1,9.6600,10.8800,0.000007
ANTENNA_16,VGND,li1,103.0400,10.8800,0.000057
ANTENNA_15,VGND,li1,117.3000,125.1200,0.001662
ANTENNA_14,VGND,li1,98.9000,10.8800,0.000055
ANTENNA_13,VGND,li1,120.0600,119.6800,0.000941
ANTENNA_12,VGND,li1,118.2200,125.1200,0.001662
ANTENNA_11,VGND,li1,120.5200,125.1200,0.001662
ANTENNA_10,VGND,li1,117.7600,119.6800,0.000941
ANTENNA_9,VGND,li1,14.2600,65.2800,0.000069
ANTENNA_8,VGND,li1,100.2800,103.3600,0.001102
ANTENNA_7,VGND,li1,83.7200,103.3600,0.001010
ANTENNA_6,VGND,li1,41.4000,48.9600,0.000110
ANTENNA_5,VGND,li1,94.7600,76.1600,0.000227
ANTENNA_4,VGND,li1,93.3800,16.3200,0.000089
ANTENNA_3,VGND,li1,107.6400,87.0400,0.000491
ANTENNA_2,VGND,li1,113.1600,10.8800,0.000060
ANTENNA_1,VGND,li1,89.7000,76.1600,0.000222
rebuffer8,VGND,li1,92.2300,27.2000,0.000239
rebuffer7,VGND,li1,91.7700,21.7600,0.000164
rebuffer6,VGND,li1,91.7700,21.7600,0.000164
rebuffer5,VGND,li1,96.1400,54.4000,0.000289
rebuffer4,VGND,li1,72.6800,43.5200,0.000191
rebuffer3,VGND,li1,41.8600,43.5200,0.000108
rebuffer2,VGND,li1,40.4800,54.4000,0.000132
rebuffer1,VGND,li1,60.0300,54.4000,0.000207
wire104,VGND,li1,111.7800,81.6000,0.000340
max_cap103,VGND,li1,35.4200,81.6000,0.000128
max_cap102,VGND,li1,112.9300,21.7600,0.000186
max_cap101,VGND,li1,80.9600,70.7200,0.000241
max_cap100,VGND,li1,108.1000,65.2800,0.000331
max_cap99,VGND,li1,92.0000,54.4000,0.000286
max_cap98,VGND,li1,86.0200,81.6000,0.000314
max_cap97,VGND,li1,34.5000,54.4000,0.000105
output96,VGND,li1,41.1700,125.1200,0.000705
output95,VGND,li1,43.4700,125.1200,0.000755
output94,VGND,li1,52.6700,125.1200,0.000963
output93,VGND,li1,61.8700,125.1200,0.001144
output92,VGND,li1,48.9900,125.1200,0.000914
output91,VGND,li1,33.3500,125.1200,0.000502
output90,VGND,li1,30.5900,125.1200,0.000452
output89,VGND,li1,119.3700,125.1200,0.001662
output88,VGND,li1,103.2700,125.1200,0.001619
output87,VGND,li1,60.4900,125.1200,0.001112
output86,VGND,li1,107.8700,125.1200,0.001641
output85,VGND,li1,112.9300,125.1200,0.001658
output84,VGND,li1,115.2300,125.1200,0.001661
output83,VGND,li1,75.6700,119.6800,0.000818
output82,VGND,li1,77.0500,119.6800,0.000818
output81,VGND,li1,81.6500,119.6800,0.000858
output80,VGND,li1,77.5100,114.2400,0.000822
output79,VGND,li1,104.6500,125.1200,0.001635
output78,VGND,li1,88.5500,125.1200,0.001517
output77,VGND,li1,83.9500,125.1200,0.001469
output76,VGND,li1,66.4700,125.1200,0.001232
output75,VGND,li1,87.1700,125.1200,0.001494
output74,VGND,li1,92.6900,125.1200,0.001541
output73,VGND,li1,81.6500,125.1200,0.001442
output72,VGND,li1,94.0700,125.1200,0.001566
output71,VGND,li1,67.8500,125.1200,0.001232
output70,VGND,li1,69.2300,125.1200,0.001274
output69,VGND,li1,54.0500,125.1200,0.001000
output68,VGND,li1,56.3500,125.1200,0.001041
output67,VGND,li1,42.0900,125.1200,0.000755
output66,VGND,li1,35.6500,119.6800,0.000334
output65,VGND,li1,58.6500,125.1200,0.001079
input64,VGND,li1,16.5600,65.2800,0.000069
input63,VGND,li1,9.2000,92.4800,0.000137
input62,VGND,li1,7.8200,70.7200,0.000063
input61,VGND,li1,14.0300,70.7200,0.000063
input60,VGND,li1,9.2000,59.8400,0.000080
input59,VGND,li1,11.0400,59.8400,0.000080
input58,VGND,li1,8.9700,43.5200,0.000047
input57,VGND,li1,113.6200,92.4800,0.000817
input56,VGND,li1,116.3800,103.3600,0.001129
input55,VGND,li1,17.4800,48.9600,0.000049
input54,VGND,li1,89.7000,76.1600,0.000222
input53,VGND,li1,116.3800,92.4800,0.000819
input52,VGND,li1,103.0400,43.5200,0.000223
input51,VGND,li1,120.0600,16.3200,0.000104
input50,VGND,li1,117.3000,16.3200,0.000104
input49,VGND,li1,117.3000,16.3200,0.000104
input48,VGND,li1,114.5400,16.3200,0.000103
input47,VGND,li1,111.7800,16.3200,0.000103
input46,VGND,li1,109.9400,16.3200,0.000102
input45,VGND,li1,116.3800,119.6800,0.000941
input44,VGND,li1,7.8200,43.5200,0.000047
input43,VGND,li1,100.2800,10.8800,0.000055
input42,VGND,li1,118.6800,119.6800,0.000941
input41,VGND,li1,77.2800,125.1200,0.001386
input40,VGND,li1,116.8400,125.1200,0.001661
input39,VGND,li1,9.6600,76.1600,0.000059
input38,VGND,li1,7.5900,97.9200,0.000191
input37,VGND,li1,9.2000,87.0400,0.000093
input36,VGND,li1,7.8200,76.1600,0.000059
input35,VGND,li1,9.2000,103.3600,0.000188
input34,VGND,li1,9.2000,103.3600,0.000188
input33,VGND,li1,9.2000,54.4000,0.000063
input32,VGND,li1,13.5700,92.4800,0.000136
input31,VGND,li1,12.1900,92.4800,0.000137
input30,VGND,li1,14.9500,76.1600,0.000058
input29,VGND,li1,11.9600,76.1600,0.000059
input28,VGND,li1,9.6600,70.7200,0.000063
input27,VGND,li1,9.2000,65.2800,0.000069
input26,VGND,li1,9.4300,43.5200,0.000047
input25,VGND,li1,115.9200,92.4800,0.000819
input24,VGND,li1,120.0600,108.8000,0.000783
input23,VGND,li1,9.2000,48.9600,0.000050
input22,VGND,li1,100.0500,54.4000,0.000294
input21,VGND,li1,118.6800,125.1200,0.001662
input20,VGND,li1,105.8000,10.8800,0.000058
input19,VGND,li1,100.7400,16.3200,0.000096
input18,VGND,li1,120.0600,16.3200,0.000104
input17,VGND,li1,107.6400,10.8800,0.000059
input16,VGND,li1,120.0600,10.8800,0.000060
input15,VGND,li1,104.1900,10.8800,0.000058
input14,VGND,li1,101.8900,10.8800,0.000057
input13,VGND,li1,120.7500,21.7600,0.000188
input12,VGND,li1,7.5900,43.5200,0.000047
input11,VGND,li1,120.5200,119.6800,0.000942
input10,VGND,li1,120.7500,125.1200,0.001662
input9,VGND,li1,118.9100,119.6800,0.000941
input8,VGND,li1,74.9800,125.1200,0.001354
input7,VGND,li1,10.1200,76.1600,0.000059
input6,VGND,li1,9.8900,87.0400,0.000093
input5,VGND,li1,9.8900,81.6000,0.000066
input4,VGND,li1,10.5800,92.4800,0.000137
input3,VGND,li1,14.2600,97.9200,0.000191
input2,VGND,li1,9.8900,108.8000,0.000137
input1,VGND,li1,17.2500,43.5200,0.000045
TAP_TAPCELL_ROW_42_265,VGND,li1,108.7900,125.4110,0.001648
TAP_TAPCELL_ROW_42_264,VGND,li1,95.9100,125.4110,0.001580
TAP_TAPCELL_ROW_42_263,VGND,li1,83.0300,125.4110,0.001442
TAP_TAPCELL_ROW_42_262,VGND,li1,70.1500,125.4110,0.001274
TAP_TAPCELL_ROW_42_261,VGND,li1,57.2700,125.4110,0.001079
TAP_TAPCELL_ROW_42_260,VGND,li1,44.3900,125.4110,0.000809
TAP_TAPCELL_ROW_42_259,VGND,li1,31.5100,125.4110,0.000452
TAP_TAPCELL_ROW_42_258,VGND,li1,18.6300,125.4110,0.000285
TAP_TAPCELL_ROW_41_257,VGND,li1,108.7900,124.8280,0.001648
TAP_TAPCELL_ROW_41_256,VGND,li1,83.0300,124.8280,0.001442
TAP_TAPCELL_ROW_41_255,VGND,li1,57.2700,124.8280,0.001079
TAP_TAPCELL_ROW_41_254,VGND,li1,31.5100,124.8280,0.000452
TAP_TAPCELL_ROW_40_253,VGND,li1,95.9100,119.9710,0.000912
TAP_TAPCELL_ROW_40_252,VGND,li1,70.1500,119.9710,0.000759
TAP_TAPCELL_ROW_40_251,VGND,li1,44.3900,119.9710,0.000461
TAP_TAPCELL_ROW_40_250,VGND,li1,18.6300,119.9710,0.000181
TAP_TAPCELL_ROW_39_249,VGND,li1,108.7900,119.3880,0.000936
TAP_TAPCELL_ROW_39_248,VGND,li1,83.0300,119.3880,0.000858
TAP_TAPCELL_ROW_39_247,VGND,li1,57.2700,119.3880,0.000628
TAP_TAPCELL_ROW_39_246,VGND,li1,31.5100,119.3880,0.000273
TAP_TAPCELL_ROW_38_245,VGND,li1,95.9100,114.5310,0.000939
TAP_TAPCELL_ROW_38_244,VGND,li1,70.1500,114.5310,0.000755
TAP_TAPCELL_ROW_38_243,VGND,li1,44.3900,114.5310,0.000472
TAP_TAPCELL_ROW_38_242,VGND,li1,18.6300,114.5310,0.000175
TAP_TAPCELL_ROW_37_241,VGND,li1,108.7900,113.9480,0.000976
TAP_TAPCELL_ROW_37_240,VGND,li1,83.0300,113.9480,0.000858
TAP_TAPCELL_ROW_37_239,VGND,li1,57.2700,113.9480,0.000627
TAP_TAPCELL_ROW_37_238,VGND,li1,31.5100,113.9480,0.000276
TAP_TAPCELL_ROW_36_237,VGND,li1,95.9100,109.0910,0.000723
TAP_TAPCELL_ROW_36_236,VGND,li1,70.1500,109.0910,0.000589
TAP_TAPCELL_ROW_36_235,VGND,li1,44.3900,109.0910,0.000344
TAP_TAPCELL_ROW_36_234,VGND,li1,18.6300,109.0910,0.000136
TAP_TAPCELL_ROW_35_233,VGND,li1,108.7900,108.5080,0.000769
TAP_TAPCELL_ROW_35_232,VGND,li1,83.0300,108.5080,0.000664
TAP_TAPCELL_ROW_35_231,VGND,li1,57.2700,108.5080,0.000476
TAP_TAPCELL_ROW_35_230,VGND,li1,31.5100,108.5080,0.000198
TAP_TAPCELL_ROW_34_229,VGND,li1,95.9100,103.6510,0.001088
TAP_TAPCELL_ROW_34_228,VGND,li1,70.1500,103.6510,0.000877
TAP_TAPCELL_ROW_34_227,VGND,li1,44.3900,103.6510,0.000506
TAP_TAPCELL_ROW_34_226,VGND,li1,18.6300,103.6510,0.000188
TAP_TAPCELL_ROW_33_225,VGND,li1,108.7900,103.0680,0.001121
TAP_TAPCELL_ROW_33_224,VGND,li1,83.0300,103.0680,0.001010
TAP_TAPCELL_ROW_33_223,VGND,li1,57.2700,103.0680,0.000698
TAP_TAPCELL_ROW_33_222,VGND,li1,31.5100,103.0680,0.000288
TAP_TAPCELL_ROW_32_221,VGND,li1,95.9100,98.2110,0.001037
TAP_TAPCELL_ROW_32_220,VGND,li1,70.1500,98.2110,0.000814
TAP_TAPCELL_ROW_32_219,VGND,li1,44.3900,98.2110,0.000486
TAP_TAPCELL_ROW_32_218,VGND,li1,18.6300,98.2110,0.000190
TAP_TAPCELL_ROW_31_217,VGND,li1,108.7900,97.6280,0.001083
TAP_TAPCELL_ROW_31_216,VGND,li1,83.0300,97.6280,0.000946
TAP_TAPCELL_ROW_31_215,VGND,li1,57.2700,97.6280,0.000653
TAP_TAPCELL_ROW_31_214,VGND,li1,31.5100,97.6280,0.000300
TAP_TAPCELL_ROW_30_213,VGND,li1,95.9100,92.7710,0.000790
TAP_TAPCELL_ROW_30_212,VGND,li1,70.1500,92.7710,0.000643
TAP_TAPCELL_ROW_30_211,VGND,li1,44.3900,92.7710,0.000387
TAP_TAPCELL_ROW_30_210,VGND,li1,18.6300,92.7710,0.000136
TAP_TAPCELL_ROW_29_209,VGND,li1,108.7900,92.1880,0.000811
TAP_TAPCELL_ROW_29_208,VGND,li1,83.0300,92.1880,0.000738
TAP_TAPCELL_ROW_29_207,VGND,li1,57.2700,92.1880,0.000523
TAP_TAPCELL_ROW_29_206,VGND,li1,31.5100,92.1880,0.000224
TAP_TAPCELL_ROW_28_205,VGND,li1,95.9100,87.3310,0.000483
TAP_TAPCELL_ROW_28_204,VGND,li1,70.1500,87.3310,0.000411
TAP_TAPCELL_ROW_28_203,VGND,li1,44.3900,87.3310,0.000253
TAP_TAPCELL_ROW_28_202,VGND,li1,18.6300,87.3310,0.000092
TAP_TAPCELL_ROW_27_201,VGND,li1,108.7900,86.7480,0.000491
TAP_TAPCELL_ROW_27_200,VGND,li1,83.0300,86.7480,0.000464
TAP_TAPCELL_ROW_27_199,VGND,li1,57.2700,86.7480,0.000344
TAP_TAPCELL_ROW_27_198,VGND,li1,31.5100,86.7480,0.000157
TAP_TAPCELL_ROW_26_197,VGND,li1,95.9100,81.8910,0.000326
TAP_TAPCELL_ROW_26_196,VGND,li1,70.1500,81.8910,0.000267
TAP_TAPCELL_ROW_26_195,VGND,li1,44.3900,81.8910,0.000169
TAP_TAPCELL_ROW_26_194,VGND,li1,18.6300,81.8910,0.000066
TAP_TAPCELL_ROW_25_193,VGND,li1,108.7900,81.3080,0.000338
TAP_TAPCELL_ROW_25_192,VGND,li1,83.0300,81.3080,0.000307
TAP_TAPCELL_ROW_25_191,VGND,li1,57.2700,81.3080,0.000228
TAP_TAPCELL_ROW_25_190,VGND,li1,31.5100,81.3080,0.000097
TAP_TAPCELL_ROW_24_189,VGND,li1,95.9100,76.4510,0.000227
TAP_TAPCELL_ROW_24_188,VGND,li1,70.1500,76.4510,0.000194
TAP_TAPCELL_ROW_24_187,VGND,li1,44.3900,76.4510,0.000133
TAP_TAPCELL_ROW_24_186,VGND,li1,18.6300,76.4510,0.000057
TAP_TAPCELL_ROW_23_185,VGND,li1,108.7900,75.8680,0.000237
TAP_TAPCELL_ROW_23_184,VGND,li1,83.0300,75.8680,0.000214
TAP_TAPCELL_ROW_23_183,VGND,li1,57.2700,75.8680,0.000168
TAP_TAPCELL_ROW_23_182,VGND,li1,31.5100,75.8680,0.000087
TAP_TAPCELL_ROW_22_181,VGND,li1,95.9100,71.0110,0.000258
TAP_TAPCELL_ROW_22_180,VGND,li1,70.1500,71.0110,0.000221
TAP_TAPCELL_ROW_22_179,VGND,li1,44.3900,71.0110,0.000151
TAP_TAPCELL_ROW_22_178,VGND,li1,18.6300,71.0110,0.000062
TAP_TAPCELL_ROW_21_177,VGND,li1,108.7900,70.4280,0.000265
TAP_TAPCELL_ROW_21_176,VGND,li1,83.0300,70.4280,0.000244
TAP_TAPCELL_ROW_21_175,VGND,li1,57.2700,70.4280,0.000192
TAP_TAPCELL_ROW_21_174,VGND,li1,31.5100,70.4280,0.000099
TAP_TAPCELL_ROW_20_173,VGND,li1,95.9100,65.5710,0.000316
TAP_TAPCELL_ROW_20_172,VGND,li1,70.1500,65.5710,0.000270
TAP_TAPCELL_ROW_20_171,VGND,li1,44.3900,65.5710,0.000177
TAP_TAPCELL_ROW_20_170,VGND,li1,18.6300,65.5710,0.000068
TAP_TAPCELL_ROW_19_169,VGND,li1,108.7900,64.9880,0.000331
TAP_TAPCELL_ROW_19_168,VGND,li1,83.0300,64.9880,0.000295
TAP_TAPCELL_ROW_19_167,VGND,li1,57.2700,64.9880,0.000230
TAP_TAPCELL_ROW_19_166,VGND,li1,31.5100,64.9880,0.000103
TAP_TAPCELL_ROW_18_165,VGND,li1,95.9100,60.1310,0.000393
TAP_TAPCELL_ROW_18_164,VGND,li1,70.1500,60.1310,0.000337
TAP_TAPCELL_ROW_18_163,VGND,li1,44.3900,60.1310,0.000209
TAP_TAPCELL_ROW_18_162,VGND,li1,18.6300,60.1310,0.000079
TAP_TAPCELL_ROW_17_161,VGND,li1,108.7900,59.5480,0.000400
TAP_TAPCELL_ROW_17_160,VGND,li1,83.0300,59.5480,0.000372
TAP_TAPCELL_ROW_17_159,VGND,li1,57.2700,59.5480,0.000282
TAP_TAPCELL_ROW_17_158,VGND,li1,31.5100,59.5480,0.000123
TAP_TAPCELL_ROW_16_157,VGND,li1,95.9100,54.6910,0.000289
TAP_TAPCELL_ROW_16_156,VGND,li1,70.1500,54.6910,0.000240
TAP_TAPCELL_ROW_16_155,VGND,li1,44.3900,54.6910,0.000150
TAP_TAPCELL_ROW_16_154,VGND,li1,18.6300,54.6910,0.000062
TAP_TAPCELL_ROW_15_153,VGND,li1,108.7900,54.1080,0.000298
TAP_TAPCELL_ROW_15_152,VGND,li1,83.0300,54.1080,0.000269
TAP_TAPCELL_ROW_15_151,VGND,li1,57.2700,54.1080,0.000198
TAP_TAPCELL_ROW_15_150,VGND,li1,31.5100,54.1080,0.000094
TAP_TAPCELL_ROW_14_149,VGND,li1,95.9100,49.2510,0.000253
TAP_TAPCELL_ROW_14_148,VGND,li1,70.1500,49.2510,0.000202
TAP_TAPCELL_ROW_14_147,VGND,li1,44.3900,49.2510,0.000124
TAP_TAPCELL_ROW_14_146,VGND,li1,18.6300,49.2510,0.000049
TAP_TAPCELL_ROW_13_145,VGND,li1,108.7900,48.6680,0.000263
TAP_TAPCELL_ROW_13_144,VGND,li1,83.0300,48.6680,0.000232
TAP_TAPCELL_ROW_13_143,VGND,li1,57.2700,48.6680,0.000165
TAP_TAPCELL_ROW_13_142,VGND,li1,31.5100,48.6680,0.000070
TAP_TAPCELL_ROW_12_141,VGND,li1,95.9100,43.8110,0.000219
TAP_TAPCELL_ROW_12_140,VGND,li1,70.1500,43.8110,0.000188
TAP_TAPCELL_ROW_12_139,VGND,li1,44.3900,43.8110,0.000117
TAP_TAPCELL_ROW_12_138,VGND,li1,18.6300,43.8110,0.000045
TAP_TAPCELL_ROW_11_137,VGND,li1,108.7900,43.2280,0.000225
TAP_TAPCELL_ROW_11_136,VGND,li1,83.0300,43.2280,0.000206
TAP_TAPCELL_ROW_11_135,VGND,li1,57.2700,43.2280,0.000155
TAP_TAPCELL_ROW_11_134,VGND,li1,31.5100,43.2280,0.000066
TAP_TAPCELL_ROW_10_133,VGND,li1,95.9100,38.3710,0.000255
TAP_TAPCELL_ROW_10_132,VGND,li1,70.1500,38.3710,0.000219
TAP_TAPCELL_ROW_10_131,VGND,li1,44.3900,38.3710,0.000134
TAP_TAPCELL_ROW_10_130,VGND,li1,18.6300,38.3710,0.000050
TAP_TAPCELL_ROW_9_129,VGND,li1,108.7900,37.7880,0.000264
TAP_TAPCELL_ROW_9_128,VGND,li1,83.0300,37.7880,0.000241
TAP_TAPCELL_ROW_9_127,VGND,li1,57.2700,37.7880,0.000188
TAP_TAPCELL_ROW_9_126,VGND,li1,31.5100,37.7880,0.000079
TAP_TAPCELL_ROW_8_125,VGND,li1,95.9100,32.9310,0.000270
TAP_TAPCELL_ROW_8_124,VGND,li1,70.1500,32.9310,0.000225
TAP_TAPCELL_ROW_8_123,VGND,li1,44.3900,32.9310,0.000132
TAP_TAPCELL_ROW_8_122,VGND,li1,18.6300,32.9310,0.000049
TAP_TAPCELL_ROW_7_121,VGND,li1,108.7900,32.3480,0.000278
TAP_TAPCELL_ROW_7_120,VGND,li1,83.0300,32.3480,0.000254
TAP_TAPCELL_ROW_7_119,VGND,li1,57.2700,32.3480,0.000180
TAP_TAPCELL_ROW_7_118,VGND,li1,31.5100,32.3480,0.000081
TAP_TAPCELL_ROW_6_117,VGND,li1,95.9100,27.4910,0.000242
TAP_TAPCELL_ROW_6_116,VGND,li1,70.1500,27.4910,0.000199
TAP_TAPCELL_ROW_6_115,VGND,li1,44.3900,27.4910,0.000117
TAP_TAPCELL_ROW_6_114,VGND,li1,18.6300,27.4910,0.000043
TAP_TAPCELL_ROW_5_113,VGND,li1,108.7900,26.9080,0.000254
TAP_TAPCELL_ROW_5_112,VGND,li1,83.0300,26.9080,0.000224
TAP_TAPCELL_ROW_5_111,VGND,li1,57.2700,26.9080,0.000164
TAP_TAPCELL_ROW_5_110,VGND,li1,31.5100,26.9080,0.000064
TAP_TAPCELL_ROW_4_109,VGND,li1,95.9100,22.0510,0.000167
TAP_TAPCELL_ROW_4_108,VGND,li1,70.1500,22.0510,0.000125
TAP_TAPCELL_ROW_4_107,VGND,li1,44.3900,22.0510,0.000067
TAP_TAPCELL_ROW_4_106,VGND,li1,18.6300,22.0510,0.000024
TAP_TAPCELL_ROW_3_105,VGND,li1,108.7900,21.4680,0.000182
TAP_TAPCELL_ROW_3_104,VGND,li1,83.0300,21.4680,0.000151
TAP_TAPCELL_ROW_3_103,VGND,li1,57.2700,21.4680,0.000099
TAP_TAPCELL_ROW_3_102,VGND,li1,31.5100,21.4680,0.000035
TAP_TAPCELL_ROW_2_101,VGND,li1,95.9100,16.6110,0.000091
TAP_TAPCELL_ROW_2_100,VGND,li1,70.1500,16.6110,0.000063
TAP_TAPCELL_ROW_2_99,VGND,li1,44.3900,16.6110,0.000034
TAP_TAPCELL_ROW_2_98,VGND,li1,18.6300,16.6110,0.000011
TAP_TAPCELL_ROW_1_97,VGND,li1,108.7900,16.0280,0.000101
TAP_TAPCELL_ROW_1_96,VGND,li1,83.0300,16.0280,0.000078
TAP_TAPCELL_ROW_1_95,VGND,li1,57.2700,16.0280,0.000048
TAP_TAPCELL_ROW_1_94,VGND,li1,31.5100,16.0280,0.000017
TAP_TAPCELL_ROW_0_93,VGND,li1,108.7900,11.1710,0.000059
TAP_TAPCELL_ROW_0_92,VGND,li1,95.9100,11.1710,0.000052
TAP_TAPCELL_ROW_0_91,VGND,li1,83.0300,11.1710,0.000044
TAP_TAPCELL_ROW_0_90,VGND,li1,70.1500,11.1710,0.000035
TAP_TAPCELL_ROW_0_89,VGND,li1,57.2700,11.1710,0.000027
TAP_TAPCELL_ROW_0_88,VGND,li1,44.3900,11.1710,0.000019
TAP_TAPCELL_ROW_0_87,VGND,li1,31.5100,11.1710,0.000010
TAP_TAPCELL_ROW_0_86,VGND,li1,18.6300,11.1710,0.000007
PHY_EDGE_ROW_42_Left_85,VGND,li1,6.2100,125.1200,0.000285
PHY_EDGE_ROW_41_Left_84,VGND,li1,6.2100,125.1200,0.000285
PHY_EDGE_ROW_40_Left_83,VGND,li1,6.2100,119.6800,0.000181
PHY_EDGE_ROW_39_Left_82,VGND,li1,6.2100,119.6800,0.000181
PHY_EDGE_ROW_38_Left_81,VGND,li1,6.2100,114.2400,0.000176
PHY_EDGE_ROW_37_Left_80,VGND,li1,6.2100,114.2400,0.000176
PHY_EDGE_ROW_36_Left_79,VGND,li1,6.2100,108.8000,0.000137
PHY_EDGE_ROW_35_Left_78,VGND,li1,6.2100,108.8000,0.000137
PHY_EDGE_ROW_34_Left_77,VGND,li1,6.2100,103.3600,0.000188
PHY_EDGE_ROW_33_Left_76,VGND,li1,6.2100,103.3600,0.000188
PHY_EDGE_ROW_32_Left_75,VGND,li1,6.2100,97.9200,0.000191
PHY_EDGE_ROW_31_Left_74,VGND,li1,6.2100,97.9200,0.000191
PHY_EDGE_ROW_30_Left_73,VGND,li1,6.2100,92.4800,0.000137
PHY_EDGE_ROW_29_Left_72,VGND,li1,6.2100,92.4800,0.000137
PHY_EDGE_ROW_28_Left_71,VGND,li1,6.2100,87.0400,0.000093
PHY_EDGE_ROW_27_Left_70,VGND,li1,6.2100,87.0400,0.000093
PHY_EDGE_ROW_26_Left_69,VGND,li1,6.2100,81.6000,0.000066
PHY_EDGE_ROW_25_Left_68,VGND,li1,6.2100,81.6000,0.000066
PHY_EDGE_ROW_24_Left_67,VGND,li1,6.2100,76.1600,0.000059
PHY_EDGE_ROW_23_Left_66,VGND,li1,6.2100,76.1600,0.000059
PHY_EDGE_ROW_22_Left_65,VGND,li1,6.2100,70.7200,0.000063
PHY_EDGE_ROW_21_Left_64,VGND,li1,6.2100,70.7200,0.000063
PHY_EDGE_ROW_20_Left_63,VGND,li1,6.2100,65.2800,0.000070
PHY_EDGE_ROW_19_Left_62,VGND,li1,6.2100,65.2800,0.000070
PHY_EDGE_ROW_18_Left_61,VGND,li1,6.2100,59.8400,0.000080
PHY_EDGE_ROW_17_Left_60,VGND,li1,6.2100,59.8400,0.000080
PHY_EDGE_ROW_16_Left_59,VGND,li1,6.2100,54.4000,0.000063
PHY_EDGE_ROW_15_Left_58,VGND,li1,6.2100,54.4000,0.000063
PHY_EDGE_ROW_14_Left_57,VGND,li1,6.2100,48.9600,0.000050
PHY_EDGE_ROW_13_Left_56,VGND,li1,6.2100,48.9600,0.000050
PHY_EDGE_ROW_12_Left_55,VGND,li1,6.2100,43.5200,0.000047
PHY_EDGE_ROW_11_Left_54,VGND,li1,6.2100,43.5200,0.000047
PHY_EDGE_ROW_10_Left_53,VGND,li1,6.2100,38.0800,0.000050
PHY_EDGE_ROW_9_Left_52,VGND,li1,6.2100,38.0800,0.000050
PHY_EDGE_ROW_8_Left_51,VGND,li1,6.2100,32.6400,0.000049
PHY_EDGE_ROW_7_Left_50,VGND,li1,6.2100,32.6400,0.000049
PHY_EDGE_ROW_6_Left_49,VGND,li1,6.2100,27.2000,0.000043
PHY_EDGE_ROW_5_Left_48,VGND,li1,6.2100,27.2000,0.000043
PHY_EDGE_ROW_4_Left_47,VGND,li1,6.2100,21.7600,0.000024
PHY_EDGE_ROW_3_Left_46,VGND,li1,6.2100,21.7600,0.000024
PHY_EDGE_ROW_2_Left_45,VGND,li1,6.2100,16.3200,0.000011
PHY_EDGE_ROW_1_Left_44,VGND,li1,6.2100,16.3200,0.000011
PHY_EDGE_ROW_0_Left_43,VGND,li1,6.2100,10.8800,0.000007
PHY_EDGE_ROW_42_Right_42,VGND,li1,122.1300,125.1200,0.001662
PHY_EDGE_ROW_41_Right_41,VGND,li1,122.1300,125.1200,0.001662
PHY_EDGE_ROW_40_Right_40,VGND,li1,122.1300,119.6800,0.000942
PHY_EDGE_ROW_39_Right_39,VGND,li1,122.1300,119.6800,0.000942
PHY_EDGE_ROW_38_Right_38,VGND,li1,122.1300,114.2400,0.000989
PHY_EDGE_ROW_37_Right_37,VGND,li1,122.1300,114.2400,0.000989
PHY_EDGE_ROW_36_Right_36,VGND,li1,122.1300,108.8000,0.000783
PHY_EDGE_ROW_35_Right_35,VGND,li1,122.1300,108.8000,0.000783
PHY_EDGE_ROW_34_Right_34,VGND,li1,122.1300,103.3600,0.001132
PHY_EDGE_ROW_33_Right_33,VGND,li1,122.1300,103.3600,0.001132
PHY_EDGE_ROW_32_Right_32,VGND,li1,122.1300,97.9200,0.001106
PHY_EDGE_ROW_31_Right_31,VGND,li1,122.1300,97.9200,0.001106
PHY_EDGE_ROW_30_Right_30,VGND,li1,122.1300,92.4800,0.000821
PHY_EDGE_ROW_29_Right_29,VGND,li1,122.1300,92.4800,0.000821
PHY_EDGE_ROW_28_Right_28,VGND,li1,122.1300,87.0400,0.000494
PHY_EDGE_ROW_27_Right_27,VGND,li1,122.1300,87.0400,0.000494
PHY_EDGE_ROW_26_Right_26,VGND,li1,122.1300,81.6000,0.000341
PHY_EDGE_ROW_25_Right_25,VGND,li1,122.1300,81.6000,0.000341
PHY_EDGE_ROW_24_Right_24,VGND,li1,122.1300,76.1600,0.000239
PHY_EDGE_ROW_23_Right_23,VGND,li1,122.1300,76.1600,0.000239
PHY_EDGE_ROW_22_Right_22,VGND,li1,122.1300,70.7200,0.000267
PHY_EDGE_ROW_21_Right_21,VGND,li1,122.1300,70.7200,0.000267
PHY_EDGE_ROW_20_Right_20,VGND,li1,122.1300,65.2800,0.000335
PHY_EDGE_ROW_19_Right_19,VGND,li1,122.1300,65.2800,0.000335
PHY_EDGE_ROW_18_Right_18,VGND,li1,122.1300,59.8400,0.000402
PHY_EDGE_ROW_17_Right_17,VGND,li1,122.1300,59.8400,0.000402
PHY_EDGE_ROW_16_Right_16,VGND,li1,122.1300,54.4000,0.000300
PHY_EDGE_ROW_15_Right_15,VGND,li1,122.1300,54.4000,0.000300
PHY_EDGE_ROW_14_Right_14,VGND,li1,122.1300,48.9600,0.000265
PHY_EDGE_ROW_13_Right_13,VGND,li1,122.1300,48.9600,0.000265
PHY_EDGE_ROW_12_Right_12,VGND,li1,122.1300,43.5200,0.000226
PHY_EDGE_ROW_11_Right_11,VGND,li1,122.1300,43.5200,0.000226
PHY_EDGE_ROW_10_Right_10,VGND,li1,122.1300,38.0800,0.000266
PHY_EDGE_ROW_9_Right_9,VGND,li1,122.1300,38.0800,0.000266
PHY_EDGE_ROW_8_Right_8,VGND,li1,122.1300,32.6400,0.000281
PHY_EDGE_ROW_7_Right_7,VGND,li1,122.1300,32.6400,0.000281
PHY_EDGE_ROW_6_Right_6,VGND,li1,122.1300,27.2000,0.000256
PHY_EDGE_ROW_5_Right_5,VGND,li1,122.1300,27.2000,0.000256
PHY_EDGE_ROW_4_Right_4,VGND,li1,122.1300,21.7600,0.000188
PHY_EDGE_ROW_3_Right_3,VGND,li1,122.1300,21.7600,0.000188
PHY_EDGE_ROW_2_Right_2,VGND,li1,122.1300,16.3200,0.000104
PHY_EDGE_ROW_1_Right_1,VGND,li1,122.1300,16.3200,0.000104
PHY_EDGE_ROW_0_Right_0,VGND,li1,122.1300,10.8800,0.000060
_1927_,VGND,li1,116.6100,87.0400,0.000494
_1926_,VGND,li1,120.0600,81.6000,0.000341
_1925_,VGND,li1,112.2400,81.6000,0.000340
_1924_,VGND,li1,119.6000,81.6000,0.000341
_1923_,VGND,li1,103.0400,54.4000,0.000296
_1922_,VGND,li1,102.5800,81.6000,0.000334
_1921_,VGND,li1,96.1400,81.6000,0.000326
_1920_,VGND,li1,20.4700,65.2800,0.000068
_1919_,VGND,li1,12.6500,65.2800,0.000069
_1918_,VGND,li1,23.9200,65.2800,0.000068
_1917_,VGND,li1,15.8700,65.2800,0.000069
_1916_,VGND,li1,20.9300,59.8400,0.000078
_1915_,VGND,li1,111.3200,65.2800,0.000333
_1914_,VGND,li1,107.4100,87.0400,0.000491
_1913_,VGND,li1,91.3100,65.2800,0.000309
_1912_,VGND,li1,55.8900,65.2800,0.000220
_1911_,VGND,li1,90.3900,70.7200,0.000253
_1910_,VGND,li1,84.8700,70.7200,0.000246
_1909_,VGND,li1,101.6600,59.8400,0.000396
_1908_,VGND,li1,80.9600,70.7200,0.000241
_1907_,VGND,li1,81.8800,81.6000,0.000302
_1906_,VGND,li1,16.7900,70.7200,0.000062
_1905_,VGND,li1,17.2500,92.4800,0.000136
_1904_,VGND,li1,12.8800,103.3600,0.000188
_1903_,VGND,li1,11.0400,97.9200,0.000191
_1902_,VGND,li1,11.5000,108.8000,0.000137
_1901_,VGND,li1,9.6600,108.8000,0.000137
_1900_,VGND,li1,10.8100,70.7200,0.000063
_1899_,VGND,li1,13.5700,70.7200,0.000063
_1898_,VGND,li1,12.4200,70.7200,0.000063
_1897_,VGND,li1,11.9600,65.2800,0.000069
_1896_,VGND,li1,7.5900,65.2800,0.000070
_1895_,VGND,li1,14.4900,65.2800,0.000069
_1894_,VGND,li1,12.6500,59.8400,0.000080
_1893_,VGND,li1,13.8000,59.8400,0.000079
_1892_,VGND,li1,16.1000,54.4000,0.000062
_1891_,VGND,li1,16.1000,59.8400,0.000079
_1890_,VGND,li1,15.4100,54.4000,0.000062
_1889_,VGND,li1,13.8000,48.9600,0.000050
_1888_,VGND,li1,9.4300,48.9600,0.000050
_1887_,VGND,li1,13.5700,54.4000,0.000063
_1886_,VGND,li1,17.7100,59.8400,0.000079
_1885_,VGND,li1,8.0500,54.4000,0.000063
_1884_,VGND,li1,8.9700,59.8400,0.000080
_1883_,VGND,li1,9.4300,65.2800,0.000069
_1882_,VGND,li1,12.6500,76.1600,0.000059
_1881_,VGND,li1,8.0500,70.7200,0.000063
_1880_,VGND,li1,16.1000,76.1600,0.000058
_1879_,VGND,li1,13.8000,87.0400,0.000092
_1878_,VGND,li1,15.4100,97.9200,0.000191
_1877_,VGND,li1,15.4100,103.3600,0.000188
_1876_,VGND,li1,13.5700,92.4800,0.000136
_1875_,VGND,li1,14.2600,108.8000,0.000137
_1874_,VGND,li1,12.1900,114.2400,0.000176
_1873_,VGND,li1,14.0300,87.0400,0.000092
_1872_,VGND,li1,11.7300,87.0400,0.000093
_1871_,VGND,li1,9.4300,97.9200,0.000191
_1870_,VGND,li1,8.0500,108.8000,0.000137
_1869_,VGND,li1,8.5100,97.9200,0.000191
_1868_,VGND,li1,19.5500,97.9200,0.000190
_1867_,VGND,li1,13.1100,108.8000,0.000137
_1866_,VGND,li1,12.1900,97.9200,0.000191
_1865_,VGND,li1,16.3300,87.0400,0.000092
_1864_,VGND,li1,8.0500,87.0400,0.000093
_1863_,VGND,li1,12.1900,108.8000,0.000137
_1862_,VGND,li1,13.1100,103.3600,0.000188
_1861_,VGND,li1,13.1100,81.6000,0.000066
_1860_,VGND,li1,8.0500,114.2400,0.000176
_1859_,VGND,li1,75.2100,70.7200,0.000230
_1858_,VGND,li1,76.3600,76.1600,0.000205
_1857_,VGND,li1,78.8900,76.1600,0.000208
_1856_,VGND,li1,77.9700,70.7200,0.000236
_1855_,VGND,li1,82.1100,65.2800,0.000295
_1854_,VGND,li1,80.2700,43.5200,0.000204
_1853_,VGND,li1,82.1100,43.5200,0.000206
_1852_,VGND,li1,72.4500,70.7200,0.000227
_1851_,VGND,li1,87.1700,76.1600,0.000219
_1850_,VGND,li1,85.3300,70.7200,0.000246
_1849_,VGND,li1,97.7500,65.2800,0.000319
_1848_,VGND,li1,120.5200,54.4000,0.000300
_1847_,VGND,li1,108.7900,92.4800,0.000811
_1846_,VGND,li1,92.6900,76.1600,0.000225
_1845_,VGND,li1,101.4300,48.9600,0.000258
_1844_,VGND,li1,91.0800,125.1200,0.001541
_1843_,VGND,li1,97.0600,125.1200,0.001580
_1842_,VGND,li1,97.0600,125.1200,0.001580
_1841_,VGND,li1,101.6600,125.1200,0.001619
_1840_,VGND,li1,99.8200,125.1200,0.001598
_1839_,VGND,li1,119.3700,103.3600,0.001132
_1838_,VGND,li1,118.9100,114.2400,0.000988
_1837_,VGND,li1,119.8300,97.9200,0.001107
_1836_,VGND,li1,115.9200,125.1200,0.001661
_1835_,VGND,li1,119.3700,103.3600,0.001132
_1834_,VGND,li1,115.6900,114.2400,0.000987
_1833_,VGND,li1,119.3700,92.4800,0.000821
_1832_,VGND,li1,119.6000,114.2400,0.000989
_1831_,VGND,li1,118.9100,92.4800,0.000821
_1830_,VGND,li1,110.4000,114.2400,0.000981
_1829_,VGND,li1,103.5000,119.6800,0.000929
_1828_,VGND,li1,97.9800,119.6800,0.000920
_1827_,VGND,li1,94.3000,125.1200,0.001566
_1826_,VGND,li1,100.0500,119.6800,0.000924
_1825_,VGND,li1,113.3900,119.6800,0.000940
_1824_,VGND,li1,112.7000,103.3600,0.001127
_1823_,VGND,li1,115.0000,114.2400,0.000987
_1822_,VGND,li1,92.0000,125.1200,0.001541
_1821_,VGND,li1,88.7800,119.6800,0.000885
_1820_,VGND,li1,87.1700,119.6800,0.000885
_1819_,VGND,li1,89.2400,119.6800,0.000892
_1818_,VGND,li1,89.4700,108.8000,0.000697
_1817_,VGND,li1,93.1500,87.0400,0.000480
_1816_,VGND,li1,94.7600,92.4800,0.000790
_1815_,VGND,li1,9.2000,81.6000,0.000066
_1814_,VGND,li1,8.0500,76.1600,0.000059
_1813_,VGND,li1,10.3500,54.4000,0.000063
_1812_,VGND,li1,8.0500,81.6000,0.000066
_1811_,VGND,li1,8.5100,92.4800,0.000137
_1810_,VGND,li1,91.3100,76.1600,0.000222
_1809_,VGND,li1,101.4300,87.0400,0.000488
_1808_,VGND,li1,22.5400,81.6000,0.000065
_1807_,VGND,li1,23.2300,81.6000,0.000065
_1806_,VGND,li1,20.0100,76.1600,0.000057
_1805_,VGND,li1,20.2400,54.4000,0.000061
_1804_,VGND,li1,18.1700,87.0400,0.000092
_1803_,VGND,li1,19.0900,97.9200,0.000190
_1802_,VGND,li1,93.1500,81.6000,0.000324
_1801_,VGND,li1,84.6400,76.1600,0.000214
_1800_,VGND,li1,88.5500,125.1200,0.001517
_1799_,VGND,li1,86.2500,125.1200,0.001494
_1798_,VGND,li1,85.5600,119.6800,0.000873
_1797_,VGND,li1,84.4100,119.6800,0.000873
_1796_,VGND,li1,82.1100,119.6800,0.000858
_1795_,VGND,li1,79.5800,119.6800,0.000844
_1794_,VGND,li1,80.7300,125.1200,0.001416
_1793_,VGND,li1,77.2800,125.1200,0.001386
_1792_,VGND,li1,73.8300,119.6800,0.000801
_1791_,VGND,li1,84.8700,125.1200,0.001469
_1790_,VGND,li1,79.5800,125.1200,0.001416
_1789_,VGND,li1,79.3500,119.6800,0.000844
_1788_,VGND,li1,72.4500,125.1200,0.001316
_1787_,VGND,li1,75.9000,119.6800,0.000818
_1786_,VGND,li1,72.9100,119.6800,0.000782
_1785_,VGND,li1,76.5900,114.2400,0.000822
_1784_,VGND,li1,73.1400,114.2400,0.000783
_1783_,VGND,li1,79.1200,114.2400,0.000838
_1782_,VGND,li1,67.3900,119.6800,0.000724
_1781_,VGND,li1,69.6900,119.6800,0.000759
_1780_,VGND,li1,66.7000,114.2400,0.000731
_1779_,VGND,li1,71.9900,108.8000,0.000603
_1778_,VGND,li1,66.7000,114.2400,0.000731
_1777_,VGND,li1,61.4100,108.8000,0.000515
_1776_,VGND,li1,54.0500,114.2400,0.000599
_1775_,VGND,li1,55.2000,114.2400,0.000599
_1774_,VGND,li1,59.1100,114.2400,0.000647
_1773_,VGND,li1,55.4300,125.1200,0.001040
_1772_,VGND,li1,55.2000,119.6800,0.000605
_1771_,VGND,li1,62.3300,114.2400,0.000678
_1770_,VGND,li1,48.9900,114.2400,0.000539
_1769_,VGND,li1,52.2100,114.2400,0.000572
_1768_,VGND,li1,58.6500,108.8000,0.000498
_1767_,VGND,li1,35.1900,125.1200,0.000581
_1766_,VGND,li1,43.4700,125.1200,0.000755
_1765_,VGND,li1,45.7700,119.6800,0.000488
_1764_,VGND,li1,41.6300,119.6800,0.000433
_1763_,VGND,li1,42.7800,119.6800,0.000433
_1762_,VGND,li1,39.3300,114.2400,0.000408
_1761_,VGND,li1,49.9100,114.2400,0.000539
_1760_,VGND,li1,45.5400,108.8000,0.000374
_1759_,VGND,li1,45.7700,114.2400,0.000497
_1758_,VGND,li1,48.9900,119.6800,0.000512
_1757_,VGND,li1,47.1500,119.6800,0.000488
_1756_,VGND,li1,46.9200,114.2400,0.000497
_1755_,VGND,li1,62.3300,125.1200,0.001144
_1754_,VGND,li1,67.8500,125.1200,0.001232
_1753_,VGND,li1,51.9800,119.6800,0.000566
_1752_,VGND,li1,51.2900,125.1200,0.000963
_1751_,VGND,li1,50.1400,125.1200,0.000914
_1750_,VGND,li1,47.6100,119.6800,0.000512
_1749_,VGND,li1,38.8700,125.1200,0.000658
_1748_,VGND,li1,46.6900,125.1200,0.000852
_1747_,VGND,li1,46.2300,125.1200,0.000852
_1746_,VGND,li1,35.6500,125.1200,0.000581
_1745_,VGND,li1,38.1800,125.1200,0.000658
_1744_,VGND,li1,38.4100,119.6800,0.000388
_1743_,VGND,li1,64.1700,119.6800,0.000705
_1742_,VGND,li1,60.9500,119.6800,0.000670
_1741_,VGND,li1,64.6300,108.8000,0.000543
_1740_,VGND,li1,64.1700,125.1200,0.001196
_1739_,VGND,li1,65.0900,125.1200,0.001196
_1738_,VGND,li1,62.5600,114.2400,0.000678
_1737_,VGND,li1,58.1900,119.6800,0.000628
_1736_,VGND,li1,59.1100,125.1200,0.001112
_1735_,VGND,li1,72.2200,125.1200,0.001316
_1734_,VGND,li1,71.7600,119.6800,0.000782
_1733_,VGND,li1,84.4100,108.8000,0.000673
_1732_,VGND,li1,83.9500,114.2400,0.000873
_1731_,VGND,li1,81.6500,114.2400,0.000858
_1730_,VGND,li1,85.3300,114.2400,0.000873
_1729_,VGND,li1,78.8900,108.8000,0.000645
_1728_,VGND,li1,75.6700,108.8000,0.000625
_1727_,VGND,li1,68.3100,108.8000,0.000575
_1726_,VGND,li1,53.5900,108.8000,0.000453
_1725_,VGND,li1,42.0900,114.2400,0.000446
_1724_,VGND,li1,41.1700,108.8000,0.000321
_1723_,VGND,li1,40.7100,108.8000,0.000321
_1722_,VGND,li1,42.7800,108.8000,0.000344
_1721_,VGND,li1,43.4700,76.1600,0.000133
_1720_,VGND,li1,42.0900,70.7200,0.000142
_1719_,VGND,li1,31.5100,70.7200,0.000099
_1718_,VGND,li1,29.4400,70.7200,0.000088
_1717_,VGND,li1,34.7300,76.1600,0.000100
_1716_,VGND,li1,37.4900,92.4800,0.000297
_1715_,VGND,li1,38.8700,97.9200,0.000415
_1714_,VGND,li1,32.8900,97.9200,0.000300
_1713_,VGND,li1,26.9100,97.9200,0.000221
_1712_,VGND,li1,32.4300,97.9200,0.000300
_1711_,VGND,li1,36.5700,108.8000,0.000258
_1710_,VGND,li1,32.8900,108.8000,0.000221
_1709_,VGND,li1,24.1500,114.2400,0.000173
_1708_,VGND,li1,31.5100,119.6800,0.000273
_1707_,VGND,li1,27.1400,119.6800,0.000212
_1706_,VGND,li1,37.4900,114.2400,0.000365
_1705_,VGND,li1,25.9900,125.1200,0.000285
_1704_,VGND,li1,30.3600,125.1200,0.000452
_1703_,VGND,li1,28.0600,125.1200,0.000362
_1702_,VGND,li1,51.2900,108.8000,0.000432
_1701_,VGND,li1,46.6900,108.8000,0.000374
_1700_,VGND,li1,60.4900,108.8000,0.000515
_1699_,VGND,li1,62.7900,103.3600,0.000782
_1698_,VGND,li1,66.9300,103.3600,0.000840
_1697_,VGND,li1,73.3700,108.8000,0.000603
_1696_,VGND,li1,79.3500,108.8000,0.000645
_1695_,VGND,li1,86.2500,92.4800,0.000760
_1694_,VGND,li1,76.5900,76.1600,0.000205
_1693_,VGND,li1,79.8100,87.0400,0.000456
_1692_,VGND,li1,92.2300,92.4800,0.000780
_1691_,VGND,li1,99.1300,92.4800,0.000798
_1690_,VGND,li1,108.7900,81.6000,0.000338
_1689_,VGND,li1,113.3900,92.4800,0.000817
_1688_,VGND,li1,113.3900,103.3600,0.001127
_1687_,VGND,li1,114.5400,27.2000,0.000255
_1686_,VGND,li1,112.9300,43.5200,0.000226
_1685_,VGND,li1,114.3100,108.8000,0.000778
_1684_,VGND,li1,117.5300,10.8800,0.000060
_1683_,VGND,li1,92.6900,119.6800,0.000900
_1682_,VGND,li1,101.6600,119.6800,0.000924
_1681_,VGND,li1,116.3800,119.6800,0.000941
_1680_,VGND,li1,114.7700,97.9200,0.001100
_1679_,VGND,li1,117.9900,97.9200,0.001104
_1678_,VGND,li1,117.5300,108.8000,0.000783
_1677_,VGND,li1,115.0000,97.9200,0.001100
_1676_,VGND,li1,85.1000,103.3600,0.001025
_1675_,VGND,li1,114.5400,119.6800,0.000940
_1674_,VGND,li1,115.6900,103.3600,0.001129
_1673_,VGND,li1,103.5000,92.4800,0.000804
_1672_,VGND,li1,102.3500,114.2400,0.000961
_1671_,VGND,li1,103.9600,103.3600,0.001113
_1670_,VGND,li1,80.2700,114.2400,0.000838
_1669_,VGND,li1,81.6500,97.9200,0.000922
_1668_,VGND,li1,100.7400,108.8000,0.000747
_1667_,VGND,li1,104.1900,103.3600,0.001113
_1666_,VGND,li1,101.8900,103.3600,0.001102
_1665_,VGND,li1,112.9300,114.2400,0.000984
_1664_,VGND,li1,114.3100,125.1200,0.001658
_1663_,VGND,li1,106.0300,103.3600,0.001117
_1662_,VGND,li1,108.1000,97.9200,0.001083
_1661_,VGND,li1,88.5500,114.2400,0.000899
_1660_,VGND,li1,110.8600,119.6800,0.000938
_1659_,VGND,li1,111.7800,119.6800,0.000938
_1658_,VGND,li1,112.9300,114.2400,0.000984
_1657_,VGND,li1,110.4000,108.8000,0.000769
_1656_,VGND,li1,106.2600,125.1200,0.001635
_1655_,VGND,li1,102.1200,125.1200,0.001619
_1654_,VGND,li1,111.3200,125.1200,0.001654
_1653_,VGND,li1,108.1000,119.6800,0.000936
_1652_,VGND,li1,108.7900,114.2400,0.000976
_1651_,VGND,li1,98.9000,125.1200,0.001598
_1650_,VGND,li1,91.3100,119.6800,0.000900
_1649_,VGND,li1,99.8200,114.2400,0.000955
_1648_,VGND,li1,94.7600,108.8000,0.000723
_1647_,VGND,li1,94.3000,114.2400,0.000928
_1646_,VGND,li1,93.3800,114.2400,0.000928
_1645_,VGND,li1,89.4700,108.8000,0.000697
_1644_,VGND,li1,94.7600,119.6800,0.000912
_1643_,VGND,li1,91.7700,108.8000,0.000708
_1642_,VGND,li1,91.3100,114.2400,0.000910
_1641_,VGND,li1,91.5400,114.2400,0.000910
_1640_,VGND,li1,89.9300,114.2400,0.000910
_1639_,VGND,li1,84.4100,103.3600,0.001010
_1638_,VGND,li1,89.9300,97.9200,0.001004
_1637_,VGND,li1,89.9300,103.3600,0.001060
_1636_,VGND,li1,85.3300,114.2400,0.000873
_1635_,VGND,li1,90.6200,92.4800,0.000780
_1634_,VGND,li1,97.9800,114.2400,0.000947
_1633_,VGND,li1,94.9900,114.2400,0.000928
_1632_,VGND,li1,99.3600,108.8000,0.000739
_1631_,VGND,li1,98.2100,103.3600,0.001096
_1630_,VGND,li1,96.3700,114.2400,0.000939
_1629_,VGND,li1,97.9800,114.2400,0.000947
_1628_,VGND,li1,102.5800,108.8000,0.000753
_1627_,VGND,li1,98.4400,108.8000,0.000739
_1626_,VGND,li1,98.2100,119.6800,0.000920
_1625_,VGND,li1,103.9600,114.2400,0.000968
_1624_,VGND,li1,105.5700,119.6800,0.000933
_1623_,VGND,li1,83.0300,119.6800,0.000858
_1622_,VGND,li1,106.4900,125.1200,0.001641
_1621_,VGND,li1,104.6500,114.2400,0.000968
_1620_,VGND,li1,107.6400,114.2400,0.000976
_1619_,VGND,li1,112.7000,108.8000,0.000778
_1618_,VGND,li1,110.6300,103.3600,0.001124
_1617_,VGND,li1,111.3200,97.9200,0.001090
_1616_,VGND,li1,102.8100,114.2400,0.000961
_1615_,VGND,li1,105.5700,97.9200,0.001075
_1614_,VGND,li1,105.3400,108.8000,0.000758
_1613_,VGND,li1,120.5200,97.9200,0.001107
_1612_,VGND,li1,110.1700,103.3600,0.001124
_1611_,VGND,li1,117.3000,97.9200,0.001104
_1610_,VGND,li1,107.8700,103.3600,0.001121
_1609_,VGND,li1,72.2200,48.9600,0.000209
_1608_,VGND,li1,110.6300,27.2000,0.000254
_1607_,VGND,li1,105.1100,87.0400,0.000490
_1606_,VGND,li1,110.8600,87.0400,0.000492
_1605_,VGND,li1,108.3300,103.3600,0.001121
_1604_,VGND,li1,104.4200,108.8000,0.000758
_1603_,VGND,li1,106.7200,97.9200,0.001075
_1602_,VGND,li1,109.2500,76.1600,0.000237
_1601_,VGND,li1,110.6300,76.1600,0.000237
_1600_,VGND,li1,99.1300,81.6000,0.000331
_1599_,VGND,li1,106.7200,108.8000,0.000764
_1598_,VGND,li1,106.2600,92.4800,0.000809
_1597_,VGND,li1,117.9900,21.7600,0.000187
_1596_,VGND,li1,110.6300,125.1200,0.001654
_1595_,VGND,li1,105.8000,114.2400,0.000972
_1594_,VGND,li1,104.1900,119.6800,0.000929
_1593_,VGND,li1,107.1800,119.6800,0.000933
_1592_,VGND,li1,115.6900,81.6000,0.000340
_1591_,VGND,li1,117.3000,87.0400,0.000494
_1590_,VGND,li1,117.3000,76.1600,0.000239
_1589_,VGND,li1,100.2800,114.2400,0.000955
_1588_,VGND,li1,94.7600,97.9200,0.001028
_1587_,VGND,li1,97.7500,92.4800,0.000798
_1586_,VGND,li1,98.4400,87.0400,0.000486
_1585_,VGND,li1,101.8900,92.4800,0.000804
_1584_,VGND,li1,118.4500,108.8000,0.000783
_1583_,VGND,li1,87.1700,114.2400,0.000888
_1582_,VGND,li1,64.6300,108.8000,0.000543
_1581_,VGND,li1,92.0000,103.3600,0.001074
_1580_,VGND,li1,77.2800,103.3600,0.000955
_1579_,VGND,li1,95.9100,103.3600,0.001088
_1578_,VGND,li1,82.3400,92.4800,0.000738
_1577_,VGND,li1,74.5200,97.9200,0.000864
_1576_,VGND,li1,85.3300,97.9200,0.000966
_1575_,VGND,li1,67.1600,92.4800,0.000607
_1574_,VGND,li1,66.0100,92.4800,0.000607
_1573_,VGND,li1,79.3500,103.3600,0.000976
_1572_,VGND,li1,93.8400,97.9200,0.001028
_1571_,VGND,li1,103.7300,97.9200,0.001068
_1570_,VGND,li1,99.3600,103.3600,0.001096
_1569_,VGND,li1,100.7400,97.9200,0.001052
_1568_,VGND,li1,86.7100,87.0400,0.000473
_1567_,VGND,li1,81.6500,97.9200,0.000922
_1566_,VGND,li1,112.4700,97.9200,0.001095
_1565_,VGND,li1,88.0900,114.2400,0.000899
_1564_,VGND,li1,83.9500,108.8000,0.000664
_1563_,VGND,li1,92.2300,87.0400,0.000480
_1562_,VGND,li1,92.2300,81.6000,0.000324
_1561_,VGND,li1,87.1700,87.0400,0.000473
_1560_,VGND,li1,88.0900,97.9200,0.000989
_1559_,VGND,li1,80.2700,87.0400,0.000456
_1558_,VGND,li1,77.2800,92.4800,0.000699
_1557_,VGND,li1,63.2500,103.3600,0.000782
_1556_,VGND,li1,76.1300,114.2400,0.000806
_1555_,VGND,li1,77.0500,92.4800,0.000699
_1554_,VGND,li1,68.3100,108.8000,0.000575
_1553_,VGND,li1,72.9100,103.3600,0.000900
_1552_,VGND,li1,66.0100,97.9200,0.000767
_1551_,VGND,li1,66.0100,97.9200,0.000767
_1550_,VGND,li1,67.8500,103.3600,0.000840
_1549_,VGND,li1,58.1900,103.3600,0.000724
_1548_,VGND,li1,54.9700,108.8000,0.000453
_1547_,VGND,li1,49.4500,103.3600,0.000597
_1546_,VGND,li1,43.7000,103.3600,0.000506
_1545_,VGND,li1,34.9600,108.8000,0.000258
_1544_,VGND,li1,32.4300,114.2400,0.000305
_1543_,VGND,li1,36.5700,119.6800,0.000361
_1542_,VGND,li1,24.6100,119.6800,0.000180
_1541_,VGND,li1,26.4500,119.6800,0.000179
_1540_,VGND,li1,21.8500,119.6800,0.000181
_1539_,VGND,li1,34.0400,103.3600,0.000333
_1538_,VGND,li1,28.2900,108.8000,0.000163
_1537_,VGND,li1,28.9800,97.9200,0.000257
_1536_,VGND,li1,28.9800,103.3600,0.000256
_1535_,VGND,li1,27.8300,81.6000,0.000085
_1534_,VGND,li1,36.5700,97.9200,0.000380
_1533_,VGND,li1,36.1100,87.0400,0.000195
_1532_,VGND,li1,38.8700,87.0400,0.000217
_1531_,VGND,li1,31.5100,87.0400,0.000157
_1530_,VGND,li1,35.1900,65.2800,0.000125
_1529_,VGND,li1,26.9100,70.7200,0.000074
_1528_,VGND,li1,34.0400,70.7200,0.000110
_1527_,VGND,li1,39.3300,70.7200,0.000132
_1526_,VGND,li1,37.9500,70.7200,0.000120
_1525_,VGND,li1,36.3400,70.7200,0.000120
_1524_,VGND,li1,38.8700,76.1600,0.000117
_1523_,VGND,li1,13.3400,54.4000,0.000063
_1522_,VGND,li1,25.3000,43.5200,0.000043
_1521_,VGND,li1,46.2300,65.2800,0.000186
_1520_,VGND,li1,42.5500,59.8400,0.000198
_1519_,VGND,li1,28.2900,65.2800,0.000092
_1518_,VGND,li1,31.0500,59.8400,0.000123
_1517_,VGND,li1,37.7200,59.8400,0.000159
_1516_,VGND,li1,37.9500,65.2800,0.000138
_1515_,VGND,li1,43.7000,70.7200,0.000142
_1514_,VGND,li1,25.7600,65.2800,0.000067
_1513_,VGND,li1,24.6100,59.8400,0.000077
_1512_,VGND,li1,30.1300,65.2800,0.000103
_1511_,VGND,li1,33.8100,59.8400,0.000142
_1510_,VGND,li1,33.8100,65.2800,0.000125
_1509_,VGND,li1,20.9300,54.4000,0.000061
_1508_,VGND,li1,19.7800,59.8400,0.000078
_1507_,VGND,li1,37.2600,59.8400,0.000159
_1506_,VGND,li1,32.8900,81.6000,0.000110
_1505_,VGND,li1,33.8100,87.0400,0.000174
_1504_,VGND,li1,27.8300,81.6000,0.000085
_1503_,VGND,li1,35.8800,81.6000,0.000128
_1502_,VGND,li1,39.1000,81.6000,0.000139
_1501_,VGND,li1,39.1000,87.0400,0.000217
_1500_,VGND,li1,36.5700,92.4800,0.000297
_1499_,VGND,li1,36.1100,76.1600,0.000107
_1498_,VGND,li1,40.4800,81.6000,0.000155
_1497_,VGND,li1,30.3600,76.1600,0.000074
_1496_,VGND,li1,38.6400,76.1600,0.000117
_1495_,VGND,li1,40.9400,76.1600,0.000125
_1494_,VGND,li1,43.4700,81.6000,0.000169
_1493_,VGND,li1,26.9100,87.0400,0.000118
_1492_,VGND,li1,28.0600,87.0400,0.000118
_1491_,VGND,li1,24.8400,81.6000,0.000065
_1490_,VGND,li1,46.6900,81.6000,0.000185
_1489_,VGND,li1,50.8300,87.0400,0.000292
_1488_,VGND,li1,44.1600,81.6000,0.000169
_1487_,VGND,li1,28.5200,92.4800,0.000195
_1486_,VGND,li1,32.6600,92.4800,0.000248
_1485_,VGND,li1,22.0800,76.1600,0.000056
_1484_,VGND,li1,19.3200,76.1600,0.000057
_1483_,VGND,li1,32.8900,92.4800,0.000248
_1482_,VGND,li1,30.8200,92.4800,0.000224
_1481_,VGND,li1,36.1100,103.3600,0.000380
_1480_,VGND,li1,33.3500,103.3600,0.000333
_1479_,VGND,li1,22.3100,97.9200,0.000189
_1478_,VGND,li1,22.5400,103.3600,0.000187
_1477_,VGND,li1,30.1300,108.8000,0.000198
_1476_,VGND,li1,41.1700,103.3600,0.000464
_1475_,VGND,li1,43.9300,97.9200,0.000486
_1474_,VGND,li1,20.4700,119.6800,0.000181
_1473_,VGND,li1,21.3900,114.2400,0.000175
_1472_,VGND,li1,22.0800,108.8000,0.000135
_1471_,VGND,li1,41.6300,97.9200,0.000454
_1470_,VGND,li1,42.5500,92.4800,0.000366
_1469_,VGND,li1,45.7700,92.4800,0.000387
_1468_,VGND,li1,20.2400,108.8000,0.000136
_1467_,VGND,li1,17.0200,108.8000,0.000136
_1466_,VGND,li1,32.8900,114.2400,0.000305
_1465_,VGND,li1,30.5900,114.2400,0.000276
_1464_,VGND,li1,38.6400,103.3600,0.000423
_1463_,VGND,li1,34.2700,114.2400,0.000333
_1462_,VGND,li1,42.7800,97.9200,0.000454
_1461_,VGND,li1,16.1000,114.2400,0.000176
_1460_,VGND,li1,19.7800,114.2400,0.000175
_1459_,VGND,li1,28.2900,108.8000,0.000163
_1458_,VGND,li1,31.2800,108.8000,0.000198
_1457_,VGND,li1,25.7600,108.8000,0.000134
_1456_,VGND,li1,25.5300,114.2400,0.000173
_1455_,VGND,li1,48.5300,92.4800,0.000433
_1454_,VGND,li1,33.8100,114.2400,0.000305
_1453_,VGND,li1,40.2500,103.3600,0.000423
_1452_,VGND,li1,27.1400,103.3600,0.000222
_1451_,VGND,li1,49.6800,97.9200,0.000556
_1450_,VGND,li1,49.4500,108.8000,0.000413
_1449_,VGND,li1,20.4700,103.3600,0.000187
_1448_,VGND,li1,17.4800,103.3600,0.000188
_1447_,VGND,li1,50.8300,103.3600,0.000597
_1446_,VGND,li1,54.0500,97.9200,0.000621
_1445_,VGND,li1,54.9700,103.3600,0.000664
_1444_,VGND,li1,55.4300,97.9200,0.000621
_1443_,VGND,li1,23.2300,87.0400,0.000091
_1442_,VGND,li1,21.1600,92.4800,0.000135
_1441_,VGND,li1,53.1300,92.4800,0.000470
_1440_,VGND,li1,60.0300,97.9200,0.000696
_1439_,VGND,li1,59.1100,103.3600,0.000724
_1438_,VGND,li1,26.6800,92.4800,0.000168
_1437_,VGND,li1,59.1100,92.4800,0.000541
_1436_,VGND,li1,63.7100,97.9200,0.000723
_1435_,VGND,li1,75.9000,97.9200,0.000864
_1434_,VGND,li1,60.9500,92.4800,0.000559
_1433_,VGND,li1,72.2200,103.3600,0.000900
_1432_,VGND,li1,69.0000,97.9200,0.000788
_1431_,VGND,li1,70.8400,97.9200,0.000814
_1430_,VGND,li1,65.5500,87.0400,0.000384
_1429_,VGND,li1,77.9700,81.6000,0.000294
_1428_,VGND,li1,74.0600,81.6000,0.000284
_1427_,VGND,li1,69.2300,87.0400,0.000411
_1426_,VGND,li1,54.5100,81.6000,0.000214
_1425_,VGND,li1,78.8900,76.1600,0.000208
_1424_,VGND,li1,83.7200,76.1600,0.000214
_1423_,VGND,li1,74.7500,87.0400,0.000436
_1422_,VGND,li1,63.2500,87.0400,0.000373
_1421_,VGND,li1,65.7800,87.0400,0.000384
_1420_,VGND,li1,84.4100,81.6000,0.000307
_1419_,VGND,li1,86.7100,92.4800,0.000760
_1418_,VGND,li1,90.3900,81.6000,0.000321
_1417_,VGND,li1,95.2200,65.2800,0.000316
_1416_,VGND,li1,67.3900,87.0400,0.000402
_1415_,VGND,li1,71.7600,81.6000,0.000277
_1414_,VGND,li1,68.7700,81.6000,0.000267
_1413_,VGND,li1,103.7300,97.9200,0.001068
_1412_,VGND,li1,97.7500,76.1600,0.000229
_1411_,VGND,li1,107.6400,92.4800,0.000811
_1410_,VGND,li1,71.0700,87.0400,0.000420
_1409_,VGND,li1,81.6500,92.4800,0.000723
_1408_,VGND,li1,62.3300,97.9200,0.000723
_1407_,VGND,li1,88.3200,81.6000,0.000318
_1406_,VGND,li1,100.2800,76.1600,0.000232
_1405_,VGND,li1,71.9900,92.4800,0.000658
_1404_,VGND,li1,99.5900,97.9200,0.001052
_1403_,VGND,li1,82.1100,114.2400,0.000858
_1402_,VGND,li1,73.3700,92.4800,0.000658
_1401_,VGND,li1,72.2200,87.0400,0.000420
_1400_,VGND,li1,81.1900,76.1600,0.000211
_1399_,VGND,li1,74.9800,87.0400,0.000436
_1398_,VGND,li1,75.4400,81.6000,0.000284
_1397_,VGND,li1,65.0900,81.6000,0.000252
_1396_,VGND,li1,60.4900,81.6000,0.000237
_1395_,VGND,li1,59.8000,87.0400,0.000357
_1394_,VGND,li1,55.4300,87.0400,0.000332
_1393_,VGND,li1,59.3400,87.0400,0.000357
_1392_,VGND,li1,56.1200,92.4800,0.000496
_1391_,VGND,li1,58.1900,97.9200,0.000653
_1390_,VGND,li1,51.9800,92.4800,0.000470
_1389_,VGND,li1,46.4600,103.3600,0.000550
_1388_,VGND,li1,48.9900,97.9200,0.000556
_1387_,VGND,li1,47.1500,92.4800,0.000413
_1386_,VGND,li1,48.7600,92.4800,0.000433
_1385_,VGND,li1,41.8600,92.4800,0.000345
_1384_,VGND,li1,46.6900,87.0400,0.000274
_1383_,VGND,li1,47.3800,87.0400,0.000274
_1382_,VGND,li1,42.0900,87.0400,0.000236
_1381_,VGND,li1,49.2200,87.0400,0.000292
_1380_,VGND,li1,41.8600,81.6000,0.000155
_1379_,VGND,li1,41.8600,65.2800,0.000166
_1378_,VGND,li1,28.5200,65.2800,0.000092
_1377_,VGND,li1,42.7800,65.2800,0.000166
_1376_,VGND,li1,49.2200,65.2800,0.000199
_1375_,VGND,li1,42.7800,59.8400,0.000198
_1374_,VGND,li1,45.0800,59.8400,0.000209
_1373_,VGND,li1,50.1400,54.4000,0.000175
_1372_,VGND,li1,51.0600,43.5200,0.000136
_1371_,VGND,li1,55.8900,43.5200,0.000155
_1370_,VGND,li1,14.9500,43.5200,0.000046
_1369_,VGND,li1,47.1500,38.0800,0.000151
_1368_,VGND,li1,43.7000,54.4000,0.000150
_1367_,VGND,li1,30.3600,65.2800,0.000103
_1366_,VGND,li1,72.2200,54.4000,0.000245
_1365_,VGND,li1,50.1400,65.2800,0.000199
_1364_,VGND,li1,53.1300,59.8400,0.000257
_1363_,VGND,li1,47.3800,38.0800,0.000151
_1362_,VGND,li1,46.6900,32.6400,0.000144
_1361_,VGND,li1,33.5800,32.6400,0.000090
_1360_,VGND,li1,46.0000,32.6400,0.000144
_1359_,VGND,li1,30.3600,59.8400,0.000108
_1358_,VGND,li1,54.7400,43.5200,0.000149
_1357_,VGND,li1,45.7700,43.5200,0.000117
_1356_,VGND,li1,45.7700,43.5200,0.000117
_1355_,VGND,li1,17.7100,48.9600,0.000049
_1354_,VGND,li1,40.4800,32.6400,0.000115
_1353_,VGND,li1,40.7100,38.0800,0.000125
_1352_,VGND,li1,40.9400,32.6400,0.000123
_1351_,VGND,li1,56.3500,54.4000,0.000198
_1350_,VGND,li1,47.1500,54.4000,0.000164
_1349_,VGND,li1,54.2800,54.4000,0.000191
_1348_,VGND,li1,43.0100,38.0800,0.000134
_1347_,VGND,li1,50.6000,32.6400,0.000162
_1346_,VGND,li1,35.4200,32.6400,0.000099
_1345_,VGND,li1,53.5900,48.9600,0.000155
_1344_,VGND,li1,84.8700,54.4000,0.000273
_1343_,VGND,li1,47.3800,81.6000,0.000185
_1342_,VGND,li1,51.5200,76.1600,0.000155
_1341_,VGND,li1,40.2500,59.8400,0.000175
_1340_,VGND,li1,17.9400,54.4000,0.000062
_1339_,VGND,li1,32.6600,32.6400,0.000081
_1338_,VGND,li1,42.5500,48.9600,0.000117
_1337_,VGND,li1,37.2600,32.6400,0.000107
_1336_,VGND,li1,28.0600,43.5200,0.000055
_1335_,VGND,li1,67.3900,70.7200,0.000218
_1334_,VGND,li1,77.9700,59.8400,0.000360
_1333_,VGND,li1,49.4500,70.7200,0.000165
_1332_,VGND,li1,46.0000,48.9600,0.000124
_1331_,VGND,li1,43.0100,43.5200,0.000108
_1330_,VGND,li1,43.4700,38.0800,0.000134
_1329_,VGND,li1,43.2400,21.7600,0.000067
_1328_,VGND,li1,48.3000,48.9600,0.000137
_1327_,VGND,li1,57.7300,70.7200,0.000192
_1326_,VGND,li1,55.2000,87.0400,0.000321
_1325_,VGND,li1,52.9000,87.0400,0.000307
_1324_,VGND,li1,63.9400,81.6000,0.000252
_1323_,VGND,li1,68.3100,65.2800,0.000265
_1322_,VGND,li1,46.0000,76.1600,0.000141
_1321_,VGND,li1,43.0100,32.6400,0.000132
_1320_,VGND,li1,39.1000,32.6400,0.000115
_1319_,VGND,li1,40.9400,27.2000,0.000110
_1318_,VGND,li1,34.5000,32.6400,0.000090
_1317_,VGND,li1,36.3400,32.6400,0.000099
_1316_,VGND,li1,28.7500,38.0800,0.000071
_1315_,VGND,li1,29.6700,32.6400,0.000070
_1314_,VGND,li1,49.6800,76.1600,0.000151
_1313_,VGND,li1,51.5200,81.6000,0.000205
_1312_,VGND,li1,43.2400,76.1600,0.000133
_1311_,VGND,li1,66.0100,38.0800,0.000210
_1310_,VGND,li1,39.5600,54.4000,0.000132
_1309_,VGND,li1,37.0300,54.4000,0.000121
_1308_,VGND,li1,38.1800,48.9600,0.000095
_1307_,VGND,li1,38.4100,32.6400,0.000107
_1306_,VGND,li1,29.2100,32.6400,0.000070
_1305_,VGND,li1,25.0700,32.6400,0.000049
_1304_,VGND,li1,47.1500,59.8400,0.000226
_1303_,VGND,li1,49.9100,54.4000,0.000175
_1302_,VGND,li1,34.5000,48.9600,0.000083
_1301_,VGND,li1,33.1200,43.5200,0.000075
_1300_,VGND,li1,36.8000,43.5200,0.000084
_1299_,VGND,li1,50.6000,48.9600,0.000145
_1298_,VGND,li1,55.4300,81.6000,0.000221
_1297_,VGND,li1,55.4300,38.0800,0.000178
_1296_,VGND,li1,53.1300,32.6400,0.000171
_1295_,VGND,li1,59.5700,21.7600,0.000104
_1294_,VGND,li1,38.6400,43.5200,0.000097
_1293_,VGND,li1,28.5200,43.5200,0.000055
_1292_,VGND,li1,72.2200,43.5200,0.000191
_1291_,VGND,li1,57.0400,76.1600,0.000168
_1290_,VGND,li1,59.1100,65.2800,0.000236
_1289_,VGND,li1,38.6400,38.0800,0.000116
_1288_,VGND,li1,71.3000,76.1600,0.000194
_1287_,VGND,li1,48.3000,70.7200,0.000165
_1286_,VGND,li1,79.1200,65.2800,0.000288
_1285_,VGND,li1,66.0100,38.0800,0.000210
_1284_,VGND,li1,61.1800,32.6400,0.000195
_1283_,VGND,li1,60.7200,27.2000,0.000175
_1282_,VGND,li1,50.8300,27.2000,0.000145
_1281_,VGND,li1,31.2800,27.2000,0.000064
_1280_,VGND,li1,62.5600,76.1600,0.000180
_1279_,VGND,li1,61.4100,43.5200,0.000165
_1278_,VGND,li1,56.5800,27.2000,0.000164
_1277_,VGND,li1,63.2500,48.9600,0.000185
_1276_,VGND,li1,69.9200,48.9600,0.000202
_1275_,VGND,li1,65.7800,76.1600,0.000187
_1274_,VGND,li1,77.9700,38.0800,0.000233
_1273_,VGND,li1,67.3900,59.8400,0.000328
_1272_,VGND,li1,63.7100,43.5200,0.000175
_1271_,VGND,li1,50.6000,38.0800,0.000158
_1270_,VGND,li1,71.3000,21.7600,0.000129
_1269_,VGND,li1,70.6100,38.0800,0.000219
_1268_,VGND,li1,56.5800,32.6400,0.000180
_1267_,VGND,li1,64.8600,65.2800,0.000253
_1266_,VGND,li1,72.2200,59.8400,0.000344
_1265_,VGND,li1,69.2300,70.7200,0.000221
_1264_,VGND,li1,48.0700,59.8400,0.000226
_1263_,VGND,li1,94.7600,54.4000,0.000289
_1262_,VGND,li1,71.9900,65.2800,0.000275
_1261_,VGND,li1,64.6300,54.4000,0.000223
_1260_,VGND,li1,77.2800,43.5200,0.000200
_1259_,VGND,li1,72.4500,38.0800,0.000224
_1258_,VGND,li1,86.0200,54.4000,0.000273
_1257_,VGND,li1,59.8000,81.6000,0.000237
_1256_,VGND,li1,60.4900,59.8400,0.000298
_1255_,VGND,li1,59.1100,54.4000,0.000207
_1254_,VGND,li1,67.6200,43.5200,0.000183
_1253_,VGND,li1,68.0800,43.5200,0.000183
_1252_,VGND,li1,77.5100,43.5200,0.000200
_1251_,VGND,li1,75.2100,32.6400,0.000236
_1250_,VGND,li1,78.8900,48.9600,0.000225
_1249_,VGND,li1,85.5600,48.9600,0.000239
_1248_,VGND,li1,53.8200,43.5200,0.000149
_1247_,VGND,li1,87.1700,21.7600,0.000157
_1246_,VGND,li1,72.6800,76.1600,0.000199
_1245_,VGND,li1,78.8900,54.4000,0.000259
_1244_,VGND,li1,77.9700,54.4000,0.000259
_1243_,VGND,li1,83.7200,65.2800,0.000295
_1242_,VGND,li1,43.0100,48.9600,0.000117
_1241_,VGND,li1,87.1700,38.0800,0.000247
_1240_,VGND,li1,94.9900,27.2000,0.000242
_1239_,VGND,li1,101.6600,81.6000,0.000334
_1238_,VGND,li1,101.2000,87.0400,0.000488
_1237_,VGND,li1,67.8500,81.6000,0.000260
_1236_,VGND,li1,58.1900,21.7600,0.000099
_1235_,VGND,li1,66.0100,48.9600,0.000193
_1234_,VGND,li1,64.6300,70.7200,0.000211
_1233_,VGND,li1,73.3700,59.8400,0.000344
_1232_,VGND,li1,54.0500,70.7200,0.000180
_1231_,VGND,li1,57.9600,65.2800,0.000230
_1230_,VGND,li1,53.1300,70.7200,0.000180
_1229_,VGND,li1,24.6100,59.8400,0.000077
_1228_,VGND,li1,23.0000,65.2800,0.000068
_1227_,VGND,li1,57.7300,59.8400,0.000282
_1226_,VGND,li1,40.2500,65.2800,0.000153
_1225_,VGND,li1,50.6000,59.8400,0.000246
_1224_,VGND,li1,59.8000,43.5200,0.000165
_1223_,VGND,li1,51.9800,32.6400,0.000162
_1222_,VGND,li1,52.6700,38.0800,0.000172
_1221_,VGND,li1,60.0300,27.2000,0.000175
_1220_,VGND,li1,69.6900,27.2000,0.000199
_1219_,VGND,li1,55.8900,32.6400,0.000180
_1218_,VGND,li1,60.0300,32.6400,0.000195
_1217_,VGND,li1,26.9100,48.9600,0.000054
_1216_,VGND,li1,19.5500,48.9600,0.000049
_1215_,VGND,li1,86.0200,27.2000,0.000228
_1214_,VGND,li1,26.2200,38.0800,0.000059
_1213_,VGND,li1,60.9500,21.7600,0.000104
_1212_,VGND,li1,85.1000,27.2000,0.000228
_1211_,VGND,li1,24.6100,38.0800,0.000049
_1210_,VGND,li1,22.5400,38.0800,0.000049
_1209_,VGND,li1,19.7800,38.0800,0.000050
_1208_,VGND,li1,17.0200,38.0800,0.000050
_1207_,VGND,li1,23.0000,43.5200,0.000044
_1206_,VGND,li1,39.1000,27.2000,0.000100
_1205_,VGND,li1,36.3400,27.2000,0.000084
_1204_,VGND,li1,47.1500,27.2000,0.000133
_1203_,VGND,li1,42.7800,27.2000,0.000117
_1202_,VGND,li1,32.8900,27.2000,0.000076
_1201_,VGND,li1,21.1600,65.2800,0.000068
_1200_,VGND,li1,17.4800,70.7200,0.000062
_1199_,VGND,li1,26.6800,27.2000,0.000043
_1198_,VGND,li1,20.4700,70.7200,0.000062
_1197_,VGND,li1,19.3200,70.7200,0.000062
_1196_,VGND,li1,38.4100,27.2000,0.000100
_1195_,VGND,li1,33.5800,38.0800,0.000093
_1194_,VGND,li1,34.7300,27.2000,0.000084
_1193_,VGND,li1,29.6700,54.4000,0.000084
_1192_,VGND,li1,33.5800,54.4000,0.000105
_1191_,VGND,li1,17.9400,59.8400,0.000079
_1190_,VGND,li1,24.1500,38.0800,0.000049
_1189_,VGND,li1,25.0700,54.4000,0.000059
_1188_,VGND,li1,21.1600,48.9600,0.000049
_1187_,VGND,li1,52.2100,48.9600,0.000145
_1186_,VGND,li1,40.9400,38.0800,0.000125
_1185_,VGND,li1,49.6800,43.5200,0.000136
_1184_,VGND,li1,42.3200,32.6400,0.000123
_1183_,VGND,li1,48.3000,32.6400,0.000153
_1182_,VGND,li1,48.7600,27.2000,0.000133
_1181_,VGND,li1,24.8400,48.9600,0.000048
_1180_,VGND,li1,33.3500,43.5200,0.000075
_1179_,VGND,li1,32.4300,48.9600,0.000070
_1178_,VGND,li1,34.0400,48.9600,0.000083
_1177_,VGND,li1,20.4700,81.6000,0.000065
_1176_,VGND,li1,16.1000,87.0400,0.000092
_1175_,VGND,li1,28.0600,48.9600,0.000054
_1174_,VGND,li1,25.7600,76.1600,0.000055
_1173_,VGND,li1,24.3800,70.7200,0.000060
_1172_,VGND,li1,51.5200,27.2000,0.000145
_1171_,VGND,li1,53.3600,21.7600,0.000090
_1170_,VGND,li1,25.7600,70.7200,0.000060
_1169_,VGND,li1,22.0800,70.7200,0.000061
_1168_,VGND,li1,54.2800,27.2000,0.000156
_1167_,VGND,li1,21.8500,87.0400,0.000091
_1166_,VGND,li1,20.7000,92.4800,0.000135
_1165_,VGND,li1,54.5100,38.0800,0.000178
_1164_,VGND,li1,33.5800,38.0800,0.000093
_1163_,VGND,li1,37.2600,38.0800,0.000106
_1162_,VGND,li1,58.1900,32.6400,0.000188
_1161_,VGND,li1,31.7400,32.6400,0.000081
_1160_,VGND,li1,23.0000,32.6400,0.000049
_1159_,VGND,li1,20.7000,32.6400,0.000049
_1158_,VGND,li1,19.7800,38.0800,0.000050
_1157_,VGND,li1,26.4500,38.0800,0.000059
_1156_,VGND,li1,23.4600,97.9200,0.000189
_1155_,VGND,li1,25.3000,97.9200,0.000188
_1154_,VGND,li1,36.3400,38.0800,0.000106
_1153_,VGND,li1,29.2100,76.1600,0.000074
_1152_,VGND,li1,22.0800,76.1600,0.000056
_1151_,VGND,li1,29.4400,38.0800,0.000071
_1150_,VGND,li1,20.0100,103.3600,0.000187
_1149_,VGND,li1,23.4600,108.8000,0.000135
_1148_,VGND,li1,88.3200,59.8400,0.000383
_1147_,VGND,li1,85.5600,59.8400,0.000378
_1146_,VGND,li1,112.0100,59.8400,0.000401
_1145_,VGND,li1,112.4700,59.8400,0.000401
_1144_,VGND,li1,101.2000,76.1600,0.000232
_1143_,VGND,li1,59.1100,70.7200,0.000198
_1142_,VGND,li1,65.5500,65.2800,0.000253
_1141_,VGND,li1,62.1000,70.7200,0.000206
_1140_,VGND,li1,67.6200,54.4000,0.000233
_1139_,VGND,li1,70.1500,54.4000,0.000240
_1138_,VGND,li1,76.5900,48.9600,0.000220
_1137_,VGND,li1,86.0200,48.9600,0.000239
_1136_,VGND,li1,56.8100,48.9600,0.000165
_1135_,VGND,li1,22.5400,54.4000,0.000060
_1134_,VGND,li1,88.0900,70.7200,0.000250
_1133_,VGND,li1,107.6400,32.6400,0.000278
_1132_,VGND,li1,86.0200,65.2800,0.000302
_1131_,VGND,li1,120.5200,76.1600,0.000239
_1130_,VGND,li1,106.7200,59.8400,0.000398
_1129_,VGND,li1,92.9200,43.5200,0.000217
_1128_,VGND,li1,98.4400,48.9600,0.000255
_1127_,VGND,li1,101.4300,70.7200,0.000261
_1126_,VGND,li1,116.6100,81.6000,0.000340
_1125_,VGND,li1,89.9300,54.4000,0.000281
_1124_,VGND,li1,89.7000,27.2000,0.000235
_1123_,VGND,li1,38.6400,54.4000,0.000121
_1122_,VGND,li1,48.3000,43.5200,0.000129
_1121_,VGND,li1,64.4000,54.4000,0.000223
_1120_,VGND,li1,62.3300,54.4000,0.000217
_1119_,VGND,li1,43.0100,54.4000,0.000141
_1118_,VGND,li1,74.2900,70.7200,0.000230
_1117_,VGND,li1,87.8600,70.7200,0.000250
_1116_,VGND,li1,92.6900,70.7200,0.000255
_1115_,VGND,li1,93.8400,70.7200,0.000255
_1114_,VGND,li1,77.9700,65.2800,0.000288
_1113_,VGND,li1,97.0600,59.8400,0.000393
_1112_,VGND,li1,85.7900,43.5200,0.000211
_1111_,VGND,li1,90.6200,65.2800,0.000309
_1110_,VGND,li1,97.9800,70.7200,0.000260
_1109_,VGND,li1,86.7100,32.6400,0.000259
_1108_,VGND,li1,80.0400,32.6400,0.000249
_1107_,VGND,li1,97.2900,48.9600,0.000255
_1106_,VGND,li1,97.0600,59.8400,0.000393
_1105_,VGND,li1,60.7200,48.9600,0.000177
_1104_,VGND,li1,40.2500,59.8400,0.000175
_1103_,VGND,li1,101.8900,59.8400,0.000396
_1102_,VGND,li1,97.0600,76.1600,0.000229
_1101_,VGND,li1,94.7600,16.3200,0.000091
_1100_,VGND,li1,108.7900,54.4000,0.000298
_1099_,VGND,li1,92.2300,48.9600,0.000249
_1098_,VGND,li1,86.4800,43.5200,0.000211
_1097_,VGND,li1,107.1800,48.9600,0.000261
_1096_,VGND,li1,98.9000,43.5200,0.000221
_1095_,VGND,li1,98.9000,16.3200,0.000095
_1094_,VGND,li1,106.2600,27.2000,0.000252
_1093_,VGND,li1,116.6100,54.4000,0.000300
_1092_,VGND,li1,100.0500,21.7600,0.000172
_1091_,VGND,li1,119.8300,48.9600,0.000265
_1090_,VGND,li1,107.1800,38.0800,0.000263
_1089_,VGND,li1,105.1100,16.3200,0.000099
_1088_,VGND,li1,91.7700,16.3200,0.000087
_1087_,VGND,li1,94.5300,21.7600,0.000167
_1086_,VGND,li1,119.1400,32.6400,0.000281
_1085_,VGND,li1,97.0600,16.3200,0.000093
_1084_,VGND,li1,111.0900,21.7600,0.000184
_1083_,VGND,li1,110.4000,54.4000,0.000299
_1082_,VGND,li1,114.5400,10.8800,0.000060
_1081_,VGND,li1,110.4000,10.8800,0.000059
_1080_,VGND,li1,43.7000,27.2000,0.000117
_1079_,VGND,li1,64.8600,27.2000,0.000187
_1078_,VGND,li1,65.7800,27.2000,0.000187
_1077_,VGND,li1,66.4700,32.6400,0.000215
_1076_,VGND,li1,65.0900,21.7600,0.000113
_1075_,VGND,li1,64.1700,32.6400,0.000208
_1074_,VGND,li1,70.3800,32.6400,0.000225
_1073_,VGND,li1,73.8300,27.2000,0.000207
_1072_,VGND,li1,73.3700,27.2000,0.000207
_1071_,VGND,li1,76.1300,21.7600,0.000136
_1070_,VGND,li1,91.5400,32.6400,0.000265
_1069_,VGND,li1,101.6600,32.6400,0.000275
_1068_,VGND,li1,74.0600,32.6400,0.000236
_1067_,VGND,li1,61.1800,38.0800,0.000196
_1066_,VGND,li1,77.5100,38.0800,0.000233
_1065_,VGND,li1,80.7300,21.7600,0.000146
_1064_,VGND,li1,100.0500,38.0800,0.000260
_1063_,VGND,li1,79.8100,27.2000,0.000219
_1062_,VGND,li1,79.8100,27.2000,0.000219
_1061_,VGND,li1,83.4900,38.0800,0.000241
_1060_,VGND,li1,79.5800,32.6400,0.000245
_1059_,VGND,li1,84.6400,32.6400,0.000254
_1058_,VGND,li1,101.2000,27.2000,0.000248
_1057_,VGND,li1,60.9500,38.0800,0.000195
_1056_,VGND,li1,73.1400,65.2800,0.000275
_1055_,VGND,li1,91.7700,38.0800,0.000253
_1054_,VGND,li1,91.0800,48.9600,0.000249
_1053_,VGND,li1,94.3000,38.0800,0.000255
_1052_,VGND,li1,87.6300,27.2000,0.000232
_1051_,VGND,li1,93.6100,32.6400,0.000268
_1050_,VGND,li1,86.9400,21.7600,0.000157
_1049_,VGND,li1,106.2600,16.3200,0.000099
_1048_,VGND,li1,92.6900,43.5200,0.000217
_1047_,VGND,li1,101.8900,38.0800,0.000261
_1046_,VGND,li1,114.0800,32.6400,0.000280
_1045_,VGND,li1,103.0400,21.7600,0.000177
_1044_,VGND,li1,67.8500,59.8400,0.000328
_1043_,VGND,li1,64.1700,59.8400,0.000315
_1042_,VGND,li1,99.1300,54.4000,0.000294
_1041_,VGND,li1,78.4300,59.8400,0.000360
_1040_,VGND,li1,27.3700,54.4000,0.000072
_1039_,VGND,li1,105.5700,70.7200,0.000264
_1038_,VGND,li1,115.0000,65.2800,0.000335
_1037_,VGND,li1,112.9300,70.7200,0.000266
_1036_,VGND,li1,118.4500,59.8400,0.000402
_1035_,VGND,li1,112.0100,16.3200,0.000103
_1034_,VGND,li1,97.7500,21.7600,0.000170
_1033_,VGND,li1,120.7500,38.0800,0.000266
_1032_,VGND,li1,105.5700,48.9600,0.000261
_1031_,VGND,li1,105.3400,54.4000,0.000297
_1030_,VGND,li1,104.8800,65.2800,0.000328
_1029_,VGND,li1,115.2300,48.9600,0.000265
_1028_,VGND,li1,112.0100,10.8800,0.000059
_1027_,VGND,li1,112.0100,48.9600,0.000264
_1026_,VGND,li1,115.0000,38.0800,0.000265
_1025_,VGND,li1,118.6800,43.5200,0.000226
_1024_,VGND,li1,117.5300,65.2800,0.000335
_1023_,VGND,li1,120.2900,21.7600,0.000188
_1022_,VGND,li1,103.2700,76.1600,0.000234
_1021_,VGND,li1,101.8900,65.2800,0.000325
_1020_,VGND,li1,119.8300,65.2800,0.000335
_1019_,VGND,li1,119.8300,87.0400,0.000494
_1018_,VGND,li1,106.4900,81.6000,0.000337
_1017_,VGND,li1,99.8200,70.7200,0.000261
_1016_,VGND,li1,105.5700,59.8400,0.000398
_1015_,VGND,li1,110.1700,92.4800,0.000814
_1014_,VGND,li1,98.6700,65.2800,0.000319
_1013_,VGND,li1,111.0900,92.4800,0.000814
_1012_,VGND,li1,109.2500,87.0400,0.000492
_1011_,VGND,li1,106.0300,76.1600,0.000236
_1010_,VGND,li1,104.6500,70.7200,0.000264
_1009_,VGND,li1,110.6300,97.9200,0.001090
_1008_,VGND,li1,99.5900,43.5200,0.000221
_1007_,VGND,li1,112.9300,32.6400,0.000280
_1006_,VGND,li1,100.0500,27.2000,0.000248
_1005_,VGND,li1,110.4000,27.2000,0.000254
_1004_,VGND,li1,92.0000,27.2000,0.000239
_1003_,VGND,li1,94.9900,21.7600,0.000167
_1002_,VGND,li1,106.4900,38.0800,0.000263
_1001_,VGND,li1,98.6700,21.7600,0.000172
_1000_,VGND,li1,94.0700,16.3200,0.000089
_0999_,VGND,li1,116.6100,54.4000,0.000300
_0998_,VGND,li1,112.9300,43.5200,0.000226
_0997_,VGND,li1,114.3100,21.7600,0.000186
_0996_,VGND,li1,117.9900,38.0800,0.000266
_0995_,VGND,li1,102.8100,16.3200,0.000098
_0994_,VGND,li1,99.1300,32.6400,0.000273
_0993_,VGND,li1,100.9700,16.3200,0.000096
_0992_,VGND,li1,108.3300,21.7600,0.000182
_0991_,VGND,li1,103.2700,21.7600,0.000177
_0990_,VGND,li1,109.2500,16.3200,0.000102
_0989_,VGND,li1,116.6100,27.2000,0.000255
_0988_,VGND,li1,111.5500,38.0800,0.000265
_0987_,VGND,li1,117.5300,21.7600,0.000187
_0986_,VGND,li1,108.3300,43.5200,0.000225
_0985_,VGND,li1,107.1800,32.6400,0.000278
_0984_,VGND,li1,106.4900,21.7600,0.000180
_0983_,VGND,li1,114.7700,16.3200,0.000103
_0982_,VGND,li1,107.4100,16.3200,0.000101
_0981_,VGND,li1,89.0100,21.7600,0.000160
_0980_,VGND,li1,118.4500,48.9600,0.000265
_0979_,VGND,li1,106.0300,43.5200,0.000224
_0978_,VGND,li1,118.4500,32.6400,0.000281
_0977_,VGND,li1,120.2900,27.2000,0.000256
_0976_,VGND,li1,94.0700,76.1600,0.000225
_0975_,VGND,li1,117.5300,114.2400,0.000988
_0974_,VGND,li1,93.1500,59.8400,0.000389
_0973_,VGND,li1,115.9200,76.1600,0.000239
_0972_,VGND,li1,112.9300,87.0400,0.000493
_0971_,VGND,li1,119.3700,59.8400,0.000402
_0970_,VGND,li1,117.5300,70.7200,0.000267
_0969_,VGND,li1,117.5300,43.5200,0.000226
_0968_,VGND,li1,109.9400,70.7200,0.000265
_0967_,VGND,li1,119.1400,70.7200,0.000267
_0966_,VGND,li1,119.1400,27.2000,0.000256
_0965_,VGND,li1,87.1700,38.0800,0.000247
_0964_,VGND,li1,107.1800,108.8000,0.000764
_0963_,VGND,li1,101.4300,48.9600,0.000258
_0962_,VGND,li1,82.1100,48.9600,0.000232
_0961_,VGND,li1,66.4700,81.6000,0.000260
_0960_,VGND,li1,19.5500,92.4800,0.000136
_0959_,VGND,li1,14.9500,81.6000,0.000066
_0958_,VGND,li1,14.4900,114.2400,0.000176
_0957_,VGND,li1,16.5600,97.9200,0.000191
_0956_,VGND,li1,16.3300,92.4800,0.000136
_0955_,VGND,li1,13.5700,76.1600,0.000059
_0954_,VGND,li1,12.1900,81.6000,0.000066
_0953_,VGND,li1,17.7100,76.1600,0.000057
_0952_,VGND,li1,27.3700,54.4000,0.000072
_0951_,VGND,li1,12.6500,43.5200,0.000047
_0950_,VGND,li1,102.8100,16.3200,0.000098
_0949_,VGND,li1,105.1100,92.4800,0.000809
_0948_,VGND,li1,12.1900,48.9600,0.000050
